Date,Open,High,Low,Close,Adj_Close,Volume
10-Apr-25,260.03,262.49,252.8,255.95,255.95,"39,492,622"
9-Apr-25,224.69,274.69,223.88,272.2,272.2,"218,067,600"
8-Apr-25,245,250.44,217.8,221.86,221.86,"171,603,500"
7-Apr-25,223.78,252,214.25,233.29,233.29,"183,453,800"
4-Apr-25,255.38,261,236,239.43,239.43,"181,229,400"
3-Apr-25,265.29,276.3,261.51,267.28,267.28,"136,174,300"
2-Apr-25,254.6,284.99,251.27,282.76,282.76,"212,787,800"
1-Apr-25,263.8,277.45,259.25,268.46,268.46,"146,486,900"
31-Mar-25,249.31,260.56,243.36,259.16,259.16,"134,008,900"
28-Mar-25,275.58,276.1,260.57,263.55,263.55,"123,809,400"
27-Mar-25,272.48,291.85,271.82,273.13,273.13,"162,572,100"
26-Mar-25,282.66,284.9,266.51,272.06,272.06,"153,629,800"
25-Mar-25,283.6,288.2,271.28,288.14,288.14,"150,361,500"
24-Mar-25,258.08,278.64,256.33,278.39,278.39,"169,079,900"
21-Mar-25,234.99,249.52,234.55,248.71,248.71,"132,728,700"
20-Mar-25,233.35,238,230.05,236.26,236.26,"99,028,300"
19-Mar-25,231.61,241.41,229.2,235.86,235.86,"111,993,800"
18-Mar-25,228.16,230.1,222.28,225.31,225.31,"111,477,600"
17-Mar-25,245.06,245.4,232.8,238.01,238.01,"111,900,600"
14-Mar-25,247.31,251.58,240.73,249.98,249.98,"100,242,300"
13-Mar-25,248.13,248.29,232.6,240.68,240.68,"114,813,500"
12-Mar-25,247.22,251.84,241.1,248.09,248.09,"142,215,700"
11-Mar-25,225.31,237.06,217.02,230.58,230.58,"174,896,400"
10-Mar-25,252.54,253.37,220,222.15,222.15,"189,076,900"
7-Mar-25,259.32,266.25,250.73,262.67,262.67,"102,369,600"
6-Mar-25,272.06,272.65,260.02,263.45,263.45,"98,451,600"
5-Mar-25,272.92,279.55,267.71,279.1,279.1,"94,042,900"
4-Mar-25,270.93,284.35,261.84,272.04,272.04,"126,706,600"
3-Mar-25,300.34,303.94,277.3,284.65,284.65,"115,551,400"
28-Feb-25,279.5,293.88,273.6,292.98,292.98,"115,697,000"
27-Feb-25,291.16,297.23,280.88,281.95,281.95,"101,748,200"
26-Feb-25,303.71,309,288.04,290.8,290.8,"100,118,300"
25-Feb-25,327.02,328.89,297.25,302.8,302.8,"134,228,800"
24-Feb-25,338.14,342.4,324.7,330.53,330.53,"76,052,300"
21-Feb-25,353.44,354.98,334.42,337.8,337.8,"74,058,600"
20-Feb-25,361.51,362.3,348,354.4,354.4,"45,965,400"
19-Feb-25,354,367.34,353.67,360.56,360.56,"67,094,400"
18-Feb-25,355.01,359.1,350.02,354.11,354.11,"51,631,700"
14-Feb-25,360.62,362,347.5,355.84,355.84,"68,277,300"
13-Feb-25,345,358.69,342.85,355.94,355.94,"89,441,500"
12-Feb-25,329.94,346.4,329.12,336.51,336.51,"105,382,700"
11-Feb-25,345.8,349.37,325.1,328.5,328.5,"118,543,400"
10-Feb-25,356.21,362.7,350.51,350.73,350.73,"77,514,900"
7-Feb-25,370.19,380.55,360.34,361.62,361.62,"70,298,300"
6-Feb-25,373.03,375.4,363.18,374.32,374.32,"77,918,200"
5-Feb-25,387.51,388.39,375.53,378.17,378.17,"57,223,300"
4-Feb-25,382.63,394,381.4,392.21,392.21,"57,072,200"
3-Feb-25,386.68,389.17,374.36,383.68,383.68,"93,732,100"
31-Jan-25,401.53,419.99,401.34,404.6,404.6,"83,568,200"
30-Jan-25,410.78,412.5,384.41,400.28,400.28,"98,092,900"
29-Jan-25,395.21,398.59,384.48,389.1,389.1,"68,033,600"
28-Jan-25,396.91,400.59,386.5,398.09,398.09,"48,910,700"
27-Jan-25,394.8,406.69,389,397.15,397.15,"58,125,500"
24-Jan-25,414.45,418.88,405.78,406.58,406.58,"56,427,100"
23-Jan-25,416.06,420.73,408.95,412.38,412.38,"50,690,600"
22-Jan-25,416.81,428,414.59,415.11,415.11,"60,963,300"
21-Jan-25,432.64,433.2,406.31,424.07,424.07,"87,320,900"
17-Jan-25,421.5,439.74,419.75,426.5,426.5,"94,991,400"
16-Jan-25,423.49,424,409.13,413.82,413.82,"68,335,200"
15-Jan-25,409.9,429.8,405.66,428.22,428.22,"81,375,500"
14-Jan-25,414.34,422.64,394.54,396.36,396.36,"84,565,000"
13-Jan-25,383.21,403.79,380.07,403.31,403.31,"67,580,500"
10-Jan-25,391.4,399.28,377.29,394.74,394.74,"62,287,300"
8-Jan-25,392.95,402.5,387.4,394.94,394.94,"73,038,800"
7-Jan-25,405.83,414.33,390,394.36,394.36,"75,699,500"
6-Jan-25,423.2,426.43,401.7,411.05,411.05,"85,516,500"
3-Jan-25,381.48,411.88,379.45,410.44,410.44,"95,423,300"
2-Jan-25,390.1,392.73,373.04,379.28,379.28,"109,710,700"
31-Dec-24,423.79,427.93,402.54,403.84,403.84,"76,825,100"
30-Dec-24,419.4,427,415.75,417.41,417.41,"64,941,000"
27-Dec-24,449.52,450,426.5,431.66,431.66,"82,666,800"
26-Dec-24,465.16,465.33,451.02,454.13,454.13,"76,366,400"
24-Dec-24,435.9,462.78,435.14,462.28,462.28,"59,551,800"
23-Dec-24,431,434.51,415.41,430.6,430.6,"72,698,100"
20-Dec-24,425.51,447.08,417.64,421.06,421.06,"132,216,200"
19-Dec-24,451.88,456.36,420.02,436.17,436.17,"118,566,100"
18-Dec-24,466.5,488.54,427.01,440.13,440.13,"149,340,800"
17-Dec-24,475.9,483.99,457.51,479.86,479.86,"131,223,000"
16-Dec-24,441.09,463.19,436.15,463.02,463.02,"114,083,800"
13-Dec-24,420,436.3,415.71,436.23,436.23,"89,000,200"
12-Dec-24,424.84,429.3,415,418.1,418.1,"87,752,200"
11-Dec-24,409.7,424.88,402.38,424.77,424.77,"104,287,600"
10-Dec-24,392.68,409.73,390.85,400.99,400.99,"97,563,600"
9-Dec-24,397.61,404.8,378.01,389.79,389.79,"96,359,200"
6-Dec-24,377.42,389.49,370.8,389.22,389.22,"81,455,800"
5-Dec-24,359.87,375.43,359.5,369.49,369.49,"81,403,600"
4-Dec-24,353,358.1,348.6,357.93,357.93,"50,810,900"
3-Dec-24,351.8,355.69,348.2,351.42,351.42,"58,267,200"
2-Dec-24,352.38,360,351.15,357.09,357.09,"77,986,500"
29-Nov-24,336.08,345.45,334.65,345.16,345.16,"37,167,600"
27-Nov-24,341.8,342.55,326.59,332.89,332.89,"57,896,400"
26-Nov-24,341,346.96,335.66,338.23,338.23,"62,295,900"
25-Nov-24,360.14,361.93,338.2,338.59,338.59,"95,890,900"
22-Nov-24,341.09,361.53,337.7,352.56,352.56,"89,140,700"
21-Nov-24,343.81,347.99,335.28,339.64,339.64,"58,011,700"
20-Nov-24,345,346.6,334.3,342.03,342.03,"66,340,700"
19-Nov-24,335.76,347.38,332.75,346,346,"88,852,500"
18-Nov-24,340.73,348.55,330.01,338.74,338.74,"126,547,500"
15-Nov-24,310.57,324.68,309.22,320.72,320.72,"114,440,300"
14-Nov-24,327.69,329.98,310.37,311.18,311.18,"120,726,100"
13-Nov-24,335.85,344.6,322.5,330.24,330.24,"125,405,600"
12-Nov-24,342.74,345.84,323.31,328.49,328.49,"155,726,000"
11-Nov-24,346.3,358.64,336,350,350,"210,521,600"
8-Nov-24,299.14,328.71,297.66,321.22,321.22,"204,782,800"
7-Nov-24,288.89,299.75,285.52,296.91,296.91,"117,309,200"
6-Nov-24,284.67,289.59,275.62,288.53,288.53,"165,228,700"
5-Nov-24,247.34,255.28,246.21,251.44,251.44,"69,282,500"
4-Nov-24,244.56,248.9,238.88,242.84,242.84,"68,802,400"
1-Nov-24,252.04,254,246.63,248.98,248.98,"57,544,800"
31-Oct-24,257.99,259.75,249.25,249.85,249.85,"66,575,300"
30-Oct-24,258.04,263.35,255.82,257.55,257.55,"53,993,600"
29-Oct-24,264.51,264.98,255.51,259.52,259.52,"80,521,800"
28-Oct-24,270,273.54,262.24,262.51,262.51,"107,653,600"
25-Oct-24,256.01,269.49,255.32,269.19,269.19,"161,611,900"
24-Oct-24,244.68,262.12,242.65,260.48,260.48,"204,491,900"
23-Oct-24,217.13,218.72,212.11,213.65,213.65,"80,938,900"
22-Oct-24,217.31,218.22,215.26,217.97,217.97,"43,268,700"
21-Oct-24,218.9,220.48,215.73,218.85,218.85,"47,329,000"
18-Oct-24,220.71,222.28,219.23,220.7,220.7,"49,611,900"
17-Oct-24,221.59,222.08,217.9,220.89,220.89,"50,791,800"
16-Oct-24,221.4,222.82,218.93,221.33,221.33,"49,632,800"
15-Oct-24,220.01,224.26,217.12,219.57,219.57,"62,988,800"
14-Oct-24,220.13,221.91,213.74,219.16,219.16,"86,291,900"
11-Oct-24,220.13,223.34,214.38,217.8,217.8,"142,628,900"
10-Oct-24,241.81,242.79,232.34,238.77,238.77,"83,087,100"
9-Oct-24,243.82,247.43,239.51,241.05,241.05,"66,289,500"
8-Oct-24,243.56,246.21,240.56,244.5,244.5,"56,303,200"
7-Oct-24,249,249.83,240.7,240.83,240.83,"68,113,300"
4-Oct-24,246.69,250.96,244.58,250.08,250.08,"86,573,200"
3-Oct-24,244.48,249.79,237.81,240.66,240.66,"80,729,200"
2-Oct-24,247.55,251.16,241.5,249.02,249.02,"93,983,900"
1-Oct-24,262.67,263.98,248.53,258.02,258.02,"87,397,600"
30-Sep-24,259.04,264.86,255.77,261.63,261.63,"80,705,700"
27-Sep-24,257.38,260.7,254.12,260.46,260.46,"70,988,100"
26-Sep-24,260.6,261.75,251.53,254.22,254.22,"67,142,200"
25-Sep-24,252.54,257.05,252.28,257.02,257.02,"65,034,300"
24-Sep-24,254.08,257.19,249.05,254.27,254.27,"88,491,000"
23-Sep-24,242.61,250,241.92,250,250,"86,927,200"
20-Sep-24,241.52,243.99,235.92,238.25,238.25,"99,879,100"
19-Sep-24,234,244.24,232.13,243.92,243.92,"102,694,600"
18-Sep-24,230.09,235.68,226.88,227.2,227.2,"78,010,200"
17-Sep-24,229.45,234.57,226.55,227.87,227.87,"66,761,600"
16-Sep-24,229.3,229.96,223.53,226.78,226.78,"54,323,000"
13-Sep-24,228,232.67,226.32,230.29,230.29,"59,515,100"
12-Sep-24,224.66,231.45,223.83,229.81,229.81,"72,020,000"
11-Sep-24,224.55,228.47,216.8,228.13,228.13,"83,548,600"
10-Sep-24,220.07,226.4,218.64,226.17,226.17,"78,891,100"
9-Sep-24,216.2,219.87,213.67,216.27,216.27,"67,443,500"
6-Sep-24,232.6,233.6,210.51,210.73,210.73,"112,177,000"
5-Sep-24,223.49,235,222.25,230.17,230.17,"119,355,000"
4-Sep-24,210.59,222.22,210.57,219.41,219.41,"80,651,800"
3-Sep-24,215.26,219.9,209.64,210.6,210.6,"76,714,200"
30-Aug-24,208.63,214.57,207.03,214.11,214.11,"63,370,600"
29-Aug-24,209.8,214.89,205.97,206.28,206.28,"62,308,800"
28-Aug-24,209.72,211.84,202.59,205.75,205.75,"64,116,400"
27-Aug-24,213.25,215.66,206.94,209.21,209.21,"62,821,400"
26-Aug-24,218.75,219.09,211.01,213.21,213.21,"59,301,200"
23-Aug-24,214.46,221.48,214.21,220.32,220.32,"81,525,200"
22-Aug-24,223.82,224.8,210.32,210.66,210.66,"79,514,500"
21-Aug-24,222.67,224.66,218.86,223.27,223.27,"70,146,000"
20-Aug-24,224.88,228.22,219.56,221.1,221.1,"74,001,200"
19-Aug-24,217.07,222.98,214.09,222.72,222.72,"76,435,200"
16-Aug-24,211.15,219.8,210.8,216.12,216.12,"88,765,100"
15-Aug-24,205.02,215.88,204.82,214.14,214.14,"89,848,500"
14-Aug-24,207.39,208.44,198.75,201.38,201.38,"70,250,000"
13-Aug-24,198.47,208.49,197.06,207.83,207.83,"76,247,400"
12-Aug-24,199.02,199.26,194.67,197.49,197.49,"64,044,900"
9-Aug-24,197.05,200.88,195.11,200,200,"58,648,300"
8-Aug-24,195.7,200.7,192.04,198.84,198.84,"65,033,900"
7-Aug-24,200.77,203.49,191.48,191.76,191.76,"71,159,800"
6-Aug-24,200.75,202.9,192.67,200.64,200.64,"73,783,900"
5-Aug-24,185.22,203.88,182,198.88,198.88,"100,308,800"
2-Aug-24,214.88,216.13,205.78,207.67,207.67,"82,880,100"
1-Aug-24,227.69,231.87,214.33,216.86,216.86,"83,861,900"
31-Jul-24,227.9,234.68,226.79,232.07,232.07,"67,497,000"
30-Jul-24,232.25,232.41,220,222.62,222.62,"100,560,300"
29-Jul-24,224.9,234.27,224.7,232.1,232.1,"129,201,800"
26-Jul-24,221.19,222.28,215.33,219.8,219.8,"94,604,100"
25-Jul-24,216.8,226,216.23,220.25,220.25,"100,636,500"
24-Jul-24,225.42,225.99,214.71,215.99,215.99,"167,942,900"
23-Jul-24,253.6,255.76,245.63,246.38,246.38,"111,928,200"
22-Jul-24,244.21,253.21,243.75,251.51,251.51,"101,225,400"
19-Jul-24,247.79,249.44,236.83,239.2,239.2,"87,403,900"
18-Jul-24,251.09,257.14,247.2,249.23,249.23,"110,869,000"
17-Jul-24,252.73,258.47,246.18,248.5,248.5,"115,584,800"
16-Jul-24,255.31,258.62,245.8,256.56,256.56,"126,332,500"
15-Jul-24,255.97,265.6,251.73,252.64,252.64,"146,912,900"
12-Jul-24,235.8,251.84,233.09,248.23,248.23,"155,955,800"
11-Jul-24,263.3,271,239.65,241.03,241.03,"221,707,300"
10-Jul-24,262.8,267.59,257.86,263.26,263.26,"128,519,400"
9-Jul-24,251,265.61,250.3,262.33,262.33,"160,210,900"
8-Jul-24,247.71,259.44,244.57,252.94,252.94,"157,219,600"
5-Jul-24,249.81,252.37,242.46,251.52,251.52,"154,501,200"
3-Jul-24,234.56,248.35,234.25,246.39,246.39,"166,561,500"
2-Jul-24,218.89,231.3,218.06,231.26,231.26,"205,047,900"
1-Jul-24,201.02,213.23,200.85,209.86,209.86,"135,691,400"
28-Jun-24,199.55,203.2,195.26,197.88,197.88,"95,438,100"
27-Jun-24,195.17,198.72,194.05,197.42,197.42,"72,746,500"
26-Jun-24,186.54,197.76,186.36,196.37,196.37,"95,737,100"
25-Jun-24,184.4,187.97,182.01,187.35,187.35,"63,678,300"
24-Jun-24,184.97,188.8,182.55,182.58,182.58,"61,992,100"
21-Jun-24,182.3,183.95,180.69,183.01,183.01,"63,029,500"
20-Jun-24,184.68,185.21,179.66,181.57,181.57,"55,893,100"
18-Jun-24,186.56,187.2,182.37,184.86,184.86,"68,982,300"
17-Jun-24,177.92,188.81,177,187.44,187.44,"109,786,100"
14-Jun-24,185.8,186,176.92,178.01,178.01,"82,038,200"
13-Jun-24,188.39,191.08,181.23,182.47,182.47,"118,984,100"
12-Jun-24,171.12,180.55,169.8,177.29,177.29,"90,389,400"
11-Jun-24,173.92,174.75,167.41,170.66,170.66,"64,761,900"
10-Jun-24,176.06,178.57,173.17,173.79,173.79,"50,869,700"
7-Jun-24,176.13,179.35,175.58,177.48,177.48,"56,244,900"
6-Jun-24,174.6,179.73,172.73,177.94,177.94,"69,887,000"
5-Jun-24,175.35,176.15,172.13,175,175,"57,953,800"
4-Jun-24,174.78,177.76,174,174.77,174.77,"60,056,300"
3-Jun-24,178.13,182.64,174.49,176.29,176.29,"68,568,900"
31-May-24,178.5,180.32,173.82,178.08,178.08,"67,314,600"
30-May-24,178.58,182.67,175.38,178.79,178.79,"77,784,800"
29-May-24,174.19,178.15,173.93,176.19,176.19,"54,782,600"
28-May-24,176.4,178.25,173.16,176.75,176.75,"59,736,600"
24-May-24,174.84,180.08,173.73,179.24,179.24,"65,479,700"
23-May-24,181.8,181.9,173.26,173.74,173.74,"71,975,500"
22-May-24,182.85,183.8,178.12,180.11,180.11,"88,313,500"
21-May-24,175.51,186.88,174.71,186.6,186.6,"115,266,500"
20-May-24,177.56,177.75,173.52,174.95,174.95,"61,727,400"
17-May-24,173.55,179.63,172.75,177.46,177.46,"77,445,800"
16-May-24,174.1,175.79,171.43,174.84,174.84,"59,812,200"
15-May-24,179.9,180,173.11,173.99,173.99,"79,663,000"
14-May-24,174.5,179.49,174.07,177.55,177.55,"86,407,400"
13-May-24,170,175.4,169,171.89,171.89,"67,018,900"
10-May-24,173.05,173.06,167.75,168.47,168.47,"72,627,200"
9-May-24,175.01,175.62,171.37,171.97,171.97,"65,950,300"
8-May-24,171.59,176.06,170.15,174.72,174.72,"79,969,500"
7-May-24,182.4,183.26,177.4,177.81,177.81,"75,045,900"
6-May-24,183.8,187.56,182.2,184.76,184.76,"84,390,300"
3-May-24,182.1,184.78,178.42,181.19,181.19,"75,491,500"
2-May-24,182.86,184.6,176.02,180.01,180.01,"89,148,000"
1-May-24,182,185.86,179.01,179.99,179.99,"92,829,700"
30-Apr-24,186.98,190.95,182.84,183.28,183.28,"127,031,800"
29-Apr-24,188.42,198.87,184.54,194.05,194.05,"243,869,700"
26-Apr-24,168.85,172.12,166.37,168.29,168.29,"109,815,700"
25-Apr-24,158.96,170.88,158.36,170.18,170.18,"126,427,500"
24-Apr-24,162.84,167.97,157.51,162.13,162.13,"181,178,000"
23-Apr-24,143.33,147.26,141.11,144.68,144.68,"124,545,100"
22-Apr-24,140.56,144.44,138.8,142.05,142.05,"107,097,600"
19-Apr-24,148.97,150.94,146.22,147.05,147.05,"86,005,100"
18-Apr-24,151.25,152.2,148.7,149.93,149.93,"96,098,800"
17-Apr-24,157.64,158.33,153.78,155.45,155.45,"82,439,700"
16-Apr-24,156.74,158.19,153.75,157.11,157.11,"97,000,000"
15-Apr-24,170.24,170.69,161.38,161.48,161.48,"100,245,300"
12-Apr-24,172.34,173.81,170.36,171.05,171.05,"64,506,600"
11-Apr-24,172.55,175.88,168.51,174.6,174.6,"94,516,000"
10-Apr-24,173.04,174.93,170.01,171.76,171.76,"84,532,400"
9-Apr-24,172.91,179.22,171.92,176.88,176.88,"103,232,700"
8-Apr-24,169.34,174.5,167.79,172.98,172.98,"104,423,300"
5-Apr-24,169.08,170.86,160.51,164.9,164.9,"141,250,700"
4-Apr-24,170.07,177.19,168.01,171.11,171.11,"123,162,000"
3-Apr-24,164.02,168.82,163.28,168.38,168.38,"82,950,100"
2-Apr-24,164.75,167.69,163.43,166.63,166.63,"116,650,600"
1-Apr-24,176.17,176.75,170.21,175.22,175.22,"81,562,100"
28-Mar-24,177.45,179.57,175.3,175.79,175.79,"77,654,800"
27-Mar-24,181.41,181.91,176,179.83,179.83,"81,804,000"
26-Mar-24,178.58,184.25,177.38,177.67,177.67,"113,186,200"
25-Mar-24,168.76,175.24,168.73,172.63,172.63,"74,228,600"
22-Mar-24,166.69,171.2,166.3,170.83,170.83,"75,454,700"
21-Mar-24,176.39,178.18,171.8,172.82,172.82,"73,178,000"
20-Mar-24,173,176.25,170.82,175.66,175.66,"83,846,700"
19-Mar-24,172.36,172.82,167.42,171.32,171.32,"77,271,400"
18-Mar-24,170.02,174.72,165.9,173.8,173.8,"108,214,400"
15-Mar-24,163.16,165.18,160.76,163.57,163.57,"96,971,900"
14-Mar-24,167.77,171.17,160.51,162.5,162.5,"126,325,700"
13-Mar-24,173.05,176.05,169.15,169.48,169.48,"106,524,500"
12-Mar-24,177.77,179.43,172.41,177.54,177.54,"87,391,700"
11-Mar-24,175.45,182.87,174.8,177.77,177.77,"85,391,500"
8-Mar-24,181.5,182.73,174.7,175.34,175.34,"85,315,300"
7-Mar-24,174.35,180.04,173.7,178.65,178.65,"102,129,000"
6-Mar-24,179.99,181.58,173.7,176.54,176.54,"107,920,900"
5-Mar-24,183.05,184.59,177.57,180.74,180.74,"119,660,800"
4-Mar-24,198.73,199.75,186.72,188.14,188.14,"134,334,900"
1-Mar-24,200.52,204.52,198.5,202.64,202.64,"82,099,200"
29-Feb-24,204.18,205.28,198.45,201.88,201.88,"85,907,000"
28-Feb-24,200.42,205.3,198.44,202.04,202.04,"99,806,200"
27-Feb-24,204.04,205.6,198.26,199.73,199.73,"108,645,400"
26-Feb-24,192.29,201.78,192,199.4,199.4,"111,747,100"
23-Feb-24,195.31,197.57,191.5,191.97,191.97,"78,841,900"
22-Feb-24,194,198.32,191.36,197.41,197.41,"92,739,500"
21-Feb-24,193.36,199.44,191.95,194.77,194.77,"103,844,000"
20-Feb-24,196.13,198.6,189.13,193.76,193.76,"104,545,800"
16-Feb-24,202.06,203.17,197.4,199.95,199.95,"111,173,600"
15-Feb-24,189.16,200.88,188.86,200.45,200.45,"120,831,800"
14-Feb-24,185.3,188.89,183.35,188.71,188.71,"81,203,000"
13-Feb-24,183.99,187.26,182.11,184.02,184.02,"86,759,500"
12-Feb-24,192.11,194.73,187.28,188.13,188.13,"95,498,600"
9-Feb-24,190.18,194.12,189.48,193.57,193.57,"84,476,300"
8-Feb-24,189,191.62,185.58,189.56,189.56,"83,034,000"
7-Feb-24,188.18,189.79,182.68,187.58,187.58,"111,535,200"
6-Feb-24,177.21,186.49,177.11,185.1,185.1,"122,676,000"
5-Feb-24,184.26,184.68,175.01,181.06,181.06,"134,294,400"
2-Feb-24,185.04,188.69,182,187.91,187.91,"110,505,100"
1-Feb-24,188.5,189.88,184.28,188.86,188.86,"91,843,300"
31-Jan-24,187,193.97,185.85,187.29,187.29,"103,221,400"
30-Jan-24,195.33,196.36,190.61,191.59,191.59,"109,982,300"
29-Jan-24,185.63,191.48,183.67,190.93,190.93,"125,013,100"
26-Jan-24,185.5,186.78,182.1,183.25,183.25,"107,343,200"
25-Jan-24,189.7,193,180.06,182.63,182.63,"198,076,800"
24-Jan-24,211.88,212.73,206.77,207.83,207.83,"123,369,900"
23-Jan-24,211.3,215.65,207.75,209.14,209.14,"106,605,900"
22-Jan-24,212.26,217.8,206.27,208.8,208.8,"117,952,500"
19-Jan-24,209.99,213.19,207.56,212.19,212.19,"102,095,800"
18-Jan-24,216.88,217.45,208.74,211.88,211.88,"108,595,400"
17-Jan-24,214.86,215.67,212.01,215.55,215.55,"103,164,400"
16-Jan-24,215.1,223.49,212.18,219.91,219.91,"115,355,000"
12-Jan-24,220.08,225.34,217.15,218.89,218.89,"122,889,000"
11-Jan-24,230.57,230.93,225.37,227.22,227.22,"105,873,600"
10-Jan-24,235.1,235.5,231.29,233.94,233.94,"91,628,500"
9-Jan-24,238.11,238.96,232.04,234.96,234.96,"96,705,700"
8-Jan-24,236.14,241.25,235.3,240.45,240.45,"85,166,600"
5-Jan-24,236.86,240.12,234.9,237.49,237.49,"92,379,400"
4-Jan-24,239.25,242.7,237.73,237.93,237.93,"102,629,300"
3-Jan-24,244.98,245.68,236.32,238.45,238.45,"121,082,600"
2-Jan-24,250.08,251.25,244.41,248.42,248.42,"104,654,200"
29-Dec-23,255.1,255.19,247.43,248.48,248.48,"100,615,300"
28-Dec-23,263.66,265.13,252.71,253.18,253.18,"113,619,900"
27-Dec-23,258.35,263.34,257.52,261.44,261.44,"106,494,400"
26-Dec-23,254.49,257.97,252.91,256.61,256.61,"86,892,400"
22-Dec-23,256.76,258.22,251.37,252.54,252.54,"93,249,800"
21-Dec-23,251.9,254.8,248.55,254.5,254.5,"109,594,200"
20-Dec-23,256.41,259.84,247,247.14,247.14,"125,097,000"
19-Dec-23,253.48,258.34,253.01,257.22,257.22,"106,737,400"
18-Dec-23,253.78,258.74,251.36,252.08,252.08,"116,416,500"
15-Dec-23,251.21,254.13,248.3,253.5,253.5,"135,720,800"
14-Dec-23,241.22,253.88,240.79,251.05,251.05,"160,829,200"
13-Dec-23,234.19,240.3,228.2,239.29,239.29,"146,286,300"
12-Dec-23,238.55,238.99,233.87,237.01,237.01,"95,328,300"
11-Dec-23,242.74,243.44,237.45,239.74,239.74,"97,913,900"
8-Dec-23,240.27,245.27,239.27,243.84,243.84,"102,980,100"
7-Dec-23,241.55,244.08,236.98,242.64,242.64,"107,142,300"
6-Dec-23,242.92,246.57,239.17,239.37,239.37,"126,436,200"
5-Dec-23,233.87,246.66,233.7,238.72,238.72,"137,971,100"
4-Dec-23,235.75,239.37,233.29,235.58,235.58,"104,099,800"
1-Dec-23,233.14,240.19,231.9,238.83,238.83,"121,173,500"
30-Nov-23,245.14,245.22,236.91,240.08,240.08,"132,353,200"
29-Nov-23,249.21,252.75,242.76,244.14,244.14,"135,401,300"
28-Nov-23,236.68,247,234.01,246.72,246.72,"148,549,900"
27-Nov-23,236.89,238.33,232.1,236.08,236.08,"112,031,800"
24-Nov-23,233.75,238.75,232.33,235.45,235.45,"65,125,200"
22-Nov-23,242.04,244.01,231.4,234.21,234.21,"117,950,600"
21-Nov-23,235.04,243.62,233.34,241.2,241.2,"122,288,000"
20-Nov-23,234.04,237.1,231.02,235.6,235.6,"116,320,100"
17-Nov-23,232,237.39,226.54,234.3,234.3,"142,532,800"
16-Nov-23,239.49,240.88,230.96,233.59,233.59,"136,816,800"
15-Nov-23,239.29,246.7,236.45,242.84,242.84,"150,354,000"
14-Nov-23,235.03,238.14,230.72,237.41,237.41,"149,771,600"
13-Nov-23,215.6,225.4,211.61,223.71,223.71,"140,447,600"
10-Nov-23,210.03,215.38,205.69,214.65,214.65,"130,994,000"
9-Nov-23,219.75,220.8,206.68,209.98,209.98,"142,110,500"
8-Nov-23,223.15,224.15,217.64,222.11,222.11,"106,584,800"
7-Nov-23,219.98,223.12,215.72,222.18,222.18,"116,900,100"
6-Nov-23,223.98,226.32,215,219.27,219.27,"117,335,800"
3-Nov-23,221.15,226.37,218.4,219.96,219.96,"119,281,000"
2-Nov-23,212.97,219.2,211.45,218.51,218.51,"125,987,600"
1-Nov-23,204.04,205.99,197.85,205.66,205.66,"121,661,700"
31-Oct-23,196.12,202.8,194.07,200.84,200.84,"118,068,300"
30-Oct-23,209.28,210.88,194.67,197.36,197.36,"136,448,200"
27-Oct-23,210.6,212.41,205.77,207.3,207.3,"94,881,200"
26-Oct-23,211.32,214.8,204.88,205.76,205.76,"115,112,600"
25-Oct-23,215.88,220.1,212.2,212.42,212.42,"107,065,100"
24-Oct-23,216.5,222.05,214.11,216.52,216.52,"118,231,100"
23-Oct-23,210,216.98,202.51,212.08,212.08,"150,683,400"
20-Oct-23,217.01,218.86,210.42,211.99,211.99,"137,734,000"
19-Oct-23,225.95,230.61,216.78,220.11,220.11,"170,772,700"
18-Oct-23,252.7,254.63,242.08,242.68,242.68,"125,147,800"
17-Oct-23,250.1,257.18,247.08,254.85,254.85,"93,562,900"
16-Oct-23,250.05,255.4,248.48,253.92,253.92,"88,917,200"
13-Oct-23,258.9,259.6,250.22,251.12,251.12,"102,073,800"
12-Oct-23,262.92,265.41,256.63,258.87,258.87,"111,508,100"
11-Oct-23,266.2,268.6,260.9,262.99,262.99,"103,706,300"
10-Oct-23,257.75,268.94,257.65,263.62,263.62,"122,656,000"
9-Oct-23,255.31,261.36,252.05,259.67,259.67,"101,377,900"
6-Oct-23,253.98,261.65,250.65,260.53,260.53,"117,947,000"
5-Oct-23,260,263.6,256.25,260.05,260.05,"119,159,200"
4-Oct-23,248.14,261.86,247.6,261.16,261.16,"129,721,600"
3-Oct-23,248.61,250.02,244.45,246.53,246.53,"101,985,300"
2-Oct-23,244.81,254.28,242.62,251.6,251.6,"123,810,400"
29-Sep-23,250,254.77,246.35,250.22,250.22,"128,346,200"
28-Sep-23,240.02,247.55,238.65,246.38,246.38,"117,058,900"
27-Sep-23,244.26,245.33,234.58,240.5,240.5,"136,597,200"
26-Sep-23,242.98,249.55,241.66,244.12,244.12,"101,993,600"
25-Sep-23,243.38,247.1,238.31,246.99,246.99,"104,636,600"
22-Sep-23,257.4,257.79,244.48,244.88,244.88,"127,524,100"
21-Sep-23,257.85,260.86,254.21,255.7,255.7,"119,531,000"
20-Sep-23,267.04,273.93,262.46,262.59,262.59,"122,514,600"
19-Sep-23,264.35,267.85,261.2,266.5,266.5,"103,704,000"
18-Sep-23,271.16,271.44,263.76,265.28,265.28,"101,543,300"
15-Sep-23,277.55,278.98,271,274.39,274.39,"133,422,800"
14-Sep-23,271.32,276.71,270.42,276.04,276.04,"107,709,800"
13-Sep-23,270.07,274.98,268.1,271.3,271.3,"111,673,700"
12-Sep-23,270.76,278.39,266.6,267.48,267.48,"135,999,900"
11-Sep-23,264.27,274.85,260.61,273.58,273.58,"174,667,900"
8-Sep-23,251.22,256.52,246.67,248.5,248.5,"118,367,700"
7-Sep-23,245.07,252.81,243.27,251.49,251.49,"115,312,900"
6-Sep-23,255.14,255.39,245.06,251.92,251.92,"116,959,800"
5-Sep-23,245,258,244.86,256.49,256.49,"129,469,600"
1-Sep-23,257.26,259.08,242.01,245.01,245.01,"132,272,500"
31-Aug-23,255.98,261.18,255.05,258.08,258.08,"108,861,700"
30-Aug-23,254.2,260.51,250.59,256.9,256.9,"121,988,400"
29-Aug-23,238.58,257.48,237.77,257.18,257.18,"134,047,600"
28-Aug-23,242.58,244.38,235.35,238.82,238.82,"107,673,700"
25-Aug-23,231.31,239,230.35,238.59,238.59,"106,612,200"
24-Aug-23,238.66,238.92,228.18,230.04,230.04,"99,777,400"
23-Aug-23,229.34,238.98,229.29,236.86,236.86,"101,077,600"
22-Aug-23,240.25,240.82,229.55,233.19,233.19,"130,597,900"
21-Aug-23,221.55,232.13,220.58,231.28,231.28,"135,702,700"
18-Aug-23,214.12,217.58,212.36,215.49,215.49,"135,813,700"
17-Aug-23,226.06,226.74,218.83,219.22,219.22,"120,718,400"
16-Aug-23,228.02,233.97,225.38,225.6,225.6,"112,484,500"
15-Aug-23,238.73,240.5,232.61,232.96,232.96,"88,197,600"
14-Aug-23,235.7,240.66,233.75,239.76,239.76,"98,595,300"
11-Aug-23,241.77,243.79,238.02,242.65,242.65,"98,866,600"
10-Aug-23,245.4,251.8,243,245.34,245.34,"109,498,600"
9-Aug-23,250.87,251.1,241.9,242.19,242.19,"101,596,300"
8-Aug-23,247.45,250.92,245.01,249.7,249.7,"96,642,200"
7-Aug-23,251.45,253.65,242.76,251.45,251.45,"111,097,900"
4-Aug-23,260.97,264.77,253.11,253.86,253.86,"99,242,600"
3-Aug-23,252.04,260.49,252,259.32,259.32,"97,569,100"
2-Aug-23,255.57,259.52,250.49,254.11,254.11,"101,752,900"
1-Aug-23,266.26,266.47,260.25,261.07,261.07,"83,166,000"
31-Jul-23,267.48,269.08,263.78,267.43,267.43,"84,582,200"
28-Jul-23,259.86,267.25,258.23,266.44,266.44,"111,446,000"
27-Jul-23,268.31,269.13,255.3,255.71,255.71,"103,697,300"
26-Jul-23,263.25,268.04,261.75,264.35,264.35,"95,856,200"
25-Jul-23,272.38,272.9,265,265.28,265.28,"112,757,300"
24-Jul-23,255.85,269.85,254.12,269.06,269.06,"136,508,500"
21-Jul-23,268,268,255.8,260.02,260.02,"161,050,100"
20-Jul-23,279.56,280.93,261.2,262.9,262.9,"175,158,300"
19-Jul-23,296.04,299.29,289.52,291.26,291.26,"142,355,400"
18-Jul-23,290.15,295.26,286.01,293.34,293.34,"112,434,700"
17-Jul-23,286.63,292.23,283.57,290.38,290.38,"131,569,600"
14-Jul-23,277.01,285.3,276.31,281.38,281.38,"119,771,100"
13-Jul-23,274.59,279.45,270.6,277.9,277.9,"112,681,500"
12-Jul-23,276.33,276.52,271.46,271.99,271.99,"95,672,100"
11-Jul-23,268.65,270.9,266.37,269.79,269.79,"91,972,400"
10-Jul-23,276.47,277.52,265.1,269.61,269.61,"119,425,400"
7-Jul-23,278.43,280.78,273.77,274.43,274.43,"113,602,000"
6-Jul-23,278.09,279.97,272.88,276.54,276.54,"120,332,100"
5-Jul-23,278.82,283.85,277.6,282.48,282.48,"131,530,900"
3-Jul-23,276.49,284.25,275.11,279.82,279.82,"119,685,900"
30-Jun-23,260.6,264.45,259.89,261.77,261.77,"112,267,600"
29-Jun-23,258.03,260.74,253.61,257.5,257.5,"131,283,400"
28-Jun-23,249.7,259.88,248.89,256.24,256.24,"159,770,800"
27-Jun-23,243.24,250.39,240.85,250.21,250.21,"164,968,200"
26-Jun-23,250.07,258.37,240.7,241.05,241.05,"179,990,600"
23-Jun-23,259.29,262.45,252.8,256.6,256.6,"176,584,100"
22-Jun-23,250.77,265,248.25,264.61,264.61,"166,875,900"
21-Jun-23,275.13,276.99,257.78,259.46,259.46,"211,797,100"
20-Jun-23,261.5,274.75,261.12,274.45,274.45,"165,611,200"
16-Jun-23,258.92,263.6,257.21,260.54,260.54,"167,563,700"
15-Jun-23,248.4,258.95,247.29,255.9,255.9,"160,171,200"
14-Jun-23,260.17,261.57,250.5,256.79,256.79,"170,575,500"
13-Jun-23,253.51,259.68,251.34,258.71,258.71,"162,384,300"
12-Jun-23,247.94,250.97,244.59,249.83,249.83,"150,337,900"
9-Jun-23,249.07,252.42,242.02,244.4,244.4,"199,882,300"
8-Jun-23,224.22,235.23,223.01,234.86,234.86,"164,489,700"
7-Jun-23,228,230.83,223.2,224.57,224.57,"185,710,800"
6-Jun-23,216.14,221.91,212.53,221.31,221.31,"146,911,600"
5-Jun-23,217.8,221.29,214.52,217.61,217.61,"151,143,100"
2-Jun-23,210.15,217.25,209.75,213.97,213.97,"164,129,000"
1-Jun-23,202.59,209.8,199.37,207.52,207.52,"148,029,900"
31-May-23,199.78,203.95,195.12,203.93,203.93,"150,711,700"
30-May-23,200.1,204.48,197.53,201.16,201.16,"128,818,700"
26-May-23,184.62,198.6,184.53,193.17,193.17,"162,061,500"
25-May-23,186.54,186.78,180.58,184.47,184.47,"96,870,700"
24-May-23,182.23,184.22,178.22,182.9,182.9,"137,605,100"
23-May-23,186.2,192.96,185.26,185.77,185.77,"156,952,100"
22-May-23,180.7,189.32,180.11,188.87,188.87,"132,001,400"
19-May-23,177.17,181.95,176.31,180.14,180.14,"136,024,200"
18-May-23,174.22,177.06,172.45,176.89,176.89,"109,520,300"
17-May-23,168.41,174.5,167.19,173.86,173.86,"125,473,600"
16-May-23,165.65,169.52,164.35,166.52,166.52,"98,288,800"
15-May-23,167.66,169.76,164.55,166.35,166.35,"105,592,500"
12-May-23,176.07,177.38,167.23,167.98,167.98,"157,577,100"
11-May-23,168.7,173.57,166.79,172.08,172.08,"103,889,900"
10-May-23,172.55,174.43,166.68,168.54,168.54,"119,840,700"
9-May-23,168.95,169.82,166.56,169.15,169.15,"88,965,000"
8-May-23,173.72,173.8,169.19,171.79,171.79,"112,249,400"
5-May-23,163.97,170.79,163.51,170.06,170.06,"107,440,900"
4-May-23,162.71,162.95,159.65,161.2,161.2,"95,108,500"
3-May-23,160.01,165,159.91,160.61,160.61,"119,728,000"
2-May-23,161.88,165.49,158.93,160.31,160.31,"128,259,700"
1-May-23,163.17,163.28,158.83,161.83,161.83,"109,015,000"
28-Apr-23,160.9,165,157.32,164.31,164.31,"122,515,800"
27-Apr-23,152.64,160.48,152.37,160.19,160.19,"127,015,200"
26-Apr-23,160.29,160.67,153.14,153.75,153.75,"153,364,100"
25-Apr-23,159.82,163.47,158.75,160.67,160.67,"121,999,300"
24-Apr-23,164.65,165.65,158.61,162.55,162.55,"140,006,600"
21-Apr-23,164.8,166,161.32,165.08,165.08,"123,539,000"
20-Apr-23,166.17,169.7,160.56,162.99,162.99,"210,970,800"
19-Apr-23,179.1,183.5,177.65,180.59,180.59,"125,732,700"
18-Apr-23,187.15,187.69,183.58,184.31,184.31,"92,067,000"
17-Apr-23,186.32,189.69,182.69,187.04,187.04,"116,662,200"
14-Apr-23,183.95,186.28,182.01,185,185,"96,438,700"
13-Apr-23,182.96,186.5,180.94,185.9,185.9,"112,933,000"
12-Apr-23,190.74,191.58,180.31,180.54,180.54,"150,256,300"
11-Apr-23,186.69,189.19,185.65,186.79,186.79,"115,770,900"
10-Apr-23,179.94,185.1,176.11,184.51,184.51,"142,154,600"
6-Apr-23,183.08,186.39,179.74,185.06,185.06,"123,857,900"
5-Apr-23,190.52,190.68,183.76,185.52,185.52,"133,882,500"
4-Apr-23,197.32,198.74,190.32,192.58,192.58,"126,463,800"
3-Apr-23,199.91,202.69,192.2,194.77,194.77,"169,545,900"
31-Mar-23,197.53,207.79,197.2,207.46,207.46,"170,222,100"
30-Mar-23,195.58,197.33,194.42,195.28,195.28,"110,252,200"
29-Mar-23,193.13,195.29,189.44,193.88,193.88,"123,660,000"
28-Mar-23,192,192.35,185.43,189.19,189.19,"98,654,600"
27-Mar-23,194.42,197.39,189.94,191.81,191.81,"120,851,600"
24-Mar-23,191.65,192.36,187.15,190.41,190.41,"116,312,400"
23-Mar-23,195.26,199.31,188.65,192.22,192.22,"144,193,900"
22-Mar-23,199.3,200.66,190.95,191.15,191.15,"150,376,400"
21-Mar-23,188.28,198,188.04,197.58,197.58,"153,391,400"
20-Mar-23,178.08,186.44,176.35,183.25,183.25,"129,684,400"
17-Mar-23,184.52,186.22,177.33,180.13,180.13,"133,197,100"
16-Mar-23,180.37,185.81,178.84,184.13,184.13,"121,136,800"
15-Mar-23,180.8,182.34,176.03,180.45,180.45,"145,995,600"
14-Mar-23,177.31,183.8,177.14,183.26,183.26,"143,717,900"
13-Mar-23,167.46,177.35,163.91,174.48,174.48,"167,790,300"
10-Mar-23,175.13,178.29,168.44,173.44,173.44,"191,488,900"
9-Mar-23,180.25,185.18,172.51,172.92,172.92,"170,023,800"
8-Mar-23,185.04,186.5,180,182,182,"151,897,800"
7-Mar-23,191.38,194.2,186.1,187.71,187.71,"148,125,800"
6-Mar-23,198.54,198.6,192.3,193.81,193.81,"128,100,100"
3-Mar-23,194.8,200.48,192.88,197.79,197.79,"154,193,300"
2-Mar-23,186.74,193.75,186.01,190.9,190.9,"181,500,700"
1-Mar-23,206.21,207.2,198.52,202.77,202.77,"156,852,800"
28-Feb-23,210.59,211.23,203.75,205.71,205.71,"153,144,900"
27-Feb-23,202.03,209.42,201.26,207.63,207.63,"161,028,300"
24-Feb-23,196.33,197.67,192.8,196.88,196.88,"142,228,100"
23-Feb-23,203.91,205.14,196.33,202.07,202.07,"146,360,000"
22-Feb-23,197.93,201.99,191.78,200.86,200.86,"191,828,500"
21-Feb-23,204.99,209.71,197.22,197.37,197.37,"180,018,600"
17-Feb-23,199.99,208.44,197.5,208.31,208.31,"213,738,500"
16-Feb-23,210.78,217.65,201.84,202.04,202.04,"229,586,500"
15-Feb-23,211.76,214.66,206.11,214.24,214.24,"181,006,400"
14-Feb-23,191.94,209.82,189.44,209.25,209.25,"216,455,700"
13-Feb-23,194.42,196.3,187.61,194.64,194.64,"172,475,500"
10-Feb-23,202.23,206.2,192.89,196.89,196.89,"204,754,100"
9-Feb-23,207.78,214,204.77,207.32,207.32,"215,431,400"
8-Feb-23,196.1,203,194.31,201.29,201.29,"180,673,600"
7-Feb-23,196.43,197.5,189.55,196.81,196.81,"186,010,300"
6-Feb-23,193.01,198.17,189.92,194.76,194.76,"186,188,100"
3-Feb-23,183.95,199,183.69,189.98,189.98,"232,662,000"
2-Feb-23,187.33,196.75,182.61,188.27,188.27,"217,448,300"
1-Feb-23,173.89,183.81,169.93,181.41,181.41,"213,806,300"
31-Jan-23,164.57,174.3,162.78,173.22,173.22,"196,813,500"
30-Jan-23,178.05,179.77,166.5,166.66,166.66,"230,878,800"
27-Jan-23,162.43,180.68,161.17,177.9,177.9,"306,590,600"
26-Jan-23,159.97,161.42,154.76,160.27,160.27,"234,815,100"
25-Jan-23,141.91,146.41,138.07,144.43,144.43,"192,734,300"
24-Jan-23,143,146.5,141.1,143.89,143.89,"158,699,100"
23-Jan-23,135.87,145.38,134.27,143.75,143.75,"203,119,200"
20-Jan-23,128.68,133.51,127.35,133.42,133.42,"138,858,100"
19-Jan-23,127.26,129.99,124.31,127.17,127.17,"170,291,900"
18-Jan-23,136.56,136.68,127.01,128.78,128.78,"195,680,300"
17-Jan-23,125.7,131.7,125.02,131.49,131.49,"186,477,000"
13-Jan-23,116.55,122.63,115.6,122.4,122.4,"180,714,100"
12-Jan-23,122.56,124.13,117,123.56,123.56,"169,400,900"
11-Jan-23,122.09,125.95,120.51,123.22,123.22,"183,810,800"
10-Jan-23,121.07,122.76,114.92,118.85,118.85,"167,642,500"
9-Jan-23,118.96,123.52,117.11,119.77,119.77,"190,284,000"
6-Jan-23,103,114.39,101.81,113.06,113.06,"220,911,100"
5-Jan-23,110.51,111.75,107.16,110.34,110.34,"157,986,300"
4-Jan-23,109.11,114.59,107.52,113.64,113.64,"180,389,000"
3-Jan-23,118.47,118.8,104.64,108.1,108.1,"231,402,800"
30-Dec-22,119.95,124.48,119.75,123.18,123.18,"157,777,300"
29-Dec-22,120.39,123.57,117.5,121.82,121.82,"221,923,300"
28-Dec-22,110.35,116.27,108.24,112.71,112.71,"221,070,500"
27-Dec-22,117.5,119.67,108.76,109.1,109.1,"208,643,400"
23-Dec-22,126.37,128.62,121.02,123.15,123.15,"166,989,700"
22-Dec-22,136,136.63,122.26,125.35,125.35,"210,090,300"
21-Dec-22,139.34,141.26,135.89,137.57,137.57,"145,417,400"
20-Dec-22,146.05,148.47,137.66,137.8,137.8,"159,563,300"
19-Dec-22,154,155.25,145.82,149.87,149.87,"139,390,600"
16-Dec-22,159.64,160.99,150.04,150.23,150.23,"139,032,200"
15-Dec-22,153.44,160.93,153.28,157.67,157.67,"122,334,500"
14-Dec-22,159.25,161.62,155.31,156.8,156.8,"140,682,300"
13-Dec-22,174.87,175.05,156.91,160.95,160.95,"175,862,700"
12-Dec-22,176.1,177.37,167.52,167.82,167.82,"109,794,500"
9-Dec-22,173.84,182.5,173.36,179.05,179.05,"104,872,300"
8-Dec-22,172.2,175.2,169.06,173.44,173.44,"97,624,500"
7-Dec-22,175.03,179.38,172.22,174.04,174.04,"84,213,300"
6-Dec-22,181.22,183.65,175.33,179.82,179.82,"92,150,800"
5-Dec-22,189.44,191.27,180.55,182.45,182.45,"93,122,700"
2-Dec-22,191.78,196.25,191.11,194.86,194.86,"73,645,900"
1-Dec-22,197.08,198.92,191.8,194.7,194.7,"80,046,200"
30-Nov-22,182.43,194.76,180.63,194.7,194.7,"109,186,400"
29-Nov-22,184.99,186.38,178.75,180.83,180.83,"83,357,100"
28-Nov-22,179.96,188.5,179,182.92,182.92,"92,905,200"
25-Nov-22,185.06,185.2,180.63,182.86,182.86,"50,672,700"
23-Nov-22,173.57,183.62,172.5,183.2,183.2,"109,536,700"
22-Nov-22,168.63,170.92,166.19,169.91,169.91,"78,452,300"
21-Nov-22,175.85,176.77,167.54,167.87,167.87,"92,882,700"
18-Nov-22,185.05,185.19,176.55,180.19,180.19,"76,048,900"
17-Nov-22,183.96,186.16,180.9,183.17,183.17,"64,336,000"
16-Nov-22,191.51,192.57,185.66,186.92,186.92,"66,567,600"
15-Nov-22,195.88,200.82,192.06,194.42,194.42,"91,293,800"
14-Nov-22,192.77,195.73,186.34,190.95,190.95,"92,226,600"
11-Nov-22,186,196.52,182.59,195.97,195.97,"114,403,600"
10-Nov-22,189.9,191,180.03,190.72,190.72,"132,703,000"
9-Nov-22,190.78,195.89,177.12,177.59,177.59,"127,062,700"
8-Nov-22,194.02,195.2,186.75,191.3,191.3,"128,803,400"
7-Nov-22,208.65,208.9,196.66,197.08,197.08,"93,916,500"
4-Nov-22,222.6,223.8,203.08,207.47,207.47,"98,622,200"
3-Nov-22,211.36,221.2,210.14,215.31,215.31,"56,538,800"
2-Nov-22,226.04,227.87,214.82,214.98,214.98,"63,070,300"
1-Nov-22,234.05,237.4,227.28,227.82,227.82,"62,688,800"
31-Oct-22,226.19,229.85,221.94,227.54,227.54,"61,554,300"
28-Oct-22,225.4,228.86,216.35,228.52,228.52,"69,152,400"
27-Oct-22,229.77,233.81,222.85,225.09,225.09,"61,638,800"
26-Oct-22,219.4,230.6,218.2,224.64,224.64,"85,012,500"
25-Oct-22,210.1,224.35,210,222.42,222.42,"96,507,900"
24-Oct-22,205.82,213.5,198.59,211.25,211.25,"100,446,800"
21-Oct-22,206.42,214.66,203.8,214.44,214.44,"75,713,800"
20-Oct-22,208.28,215.55,202,207.28,207.28,"117,798,100"
19-Oct-22,219.8,222.93,217.78,222.04,222.04,"66,571,500"
18-Oct-22,229.5,229.82,217.25,220.19,220.19,"75,891,900"
17-Oct-22,210.04,221.86,209.45,219.35,219.35,"79,428,800"
14-Oct-22,224.01,226.26,204.16,204.99,204.99,"94,124,500"
13-Oct-22,208.3,222.99,206.22,221.72,221.72,"91,483,000"
12-Oct-22,215.33,219.3,211.51,217.24,217.24,"66,860,700"
11-Oct-22,220.95,225.75,215,216.5,216.5,"77,013,200"
10-Oct-22,223.93,226.99,218.36,222.96,222.96,"67,925,000"
7-Oct-22,233.94,234.57,222.02,223.07,223.07,"83,916,800"
6-Oct-22,239.44,244.58,235.35,238.13,238.13,"69,298,400"
5-Oct-22,245.01,246.67,233.27,240.81,240.81,"86,982,700"
4-Oct-22,250.52,257.5,242.01,249.44,249.44,"109,578,500"
3-Oct-22,254.5,255.16,241.01,242.4,242.4,"98,363,500"
30-Sep-22,266.15,275.57,262.47,265.25,265.25,"67,726,600"
29-Sep-22,282.76,283.65,265.78,268.21,268.21,"77,620,600"
28-Sep-22,283.08,289,277.57,287.81,287.81,"54,664,800"
27-Sep-22,283.84,288.67,277.51,282.94,282.94,"61,925,200"
26-Sep-22,271.83,284.09,270.31,276.01,276.01,"58,076,900"
23-Sep-22,283.09,284.5,272.82,275.33,275.33,"63,748,400"
22-Sep-22,299.86,301.29,285.82,288.59,288.59,"70,545,400"
21-Sep-22,308.29,313.8,300.63,300.8,300.8,"62,555,700"
20-Sep-22,306.91,313.33,305.58,308.73,308.73,"61,642,800"
19-Sep-22,300.09,309.84,297.8,309.07,309.07,"60,231,200"
16-Sep-22,299.61,303.71,295.6,303.35,303.35,"87,087,800"
15-Sep-22,301.83,309.12,300.72,303.75,303.75,"64,795,500"
14-Sep-22,292.24,306,291.64,302.61,302.61,"72,628,700"
13-Sep-22,292.9,297.4,290.4,292.13,292.13,"68,229,600"
12-Sep-22,300.72,305.49,300.4,304.42,304.42,"48,674,600"
9-Sep-22,291.67,299.85,291.25,299.68,299.68,"54,338,100"
8-Sep-22,281.3,289.5,279.76,289.26,289.26,"53,713,100"
7-Sep-22,273.1,283.84,272.27,283.7,283.7,"50,028,900"
6-Sep-22,272.68,275.99,265.74,274.42,274.42,"55,860,000"
2-Sep-22,281.07,282.35,269.08,270.21,270.21,"50,890,100"
1-Sep-22,272.58,277.58,266.15,277.16,277.16,"54,287,000"
31-Aug-22,280.62,281.25,271.81,275.61,275.61,"52,107,300"
30-Aug-22,287.87,288.48,272.65,277.7,277.7,"50,541,800"
29-Aug-22,282.83,287.74,280.7,284.82,284.82,"41,864,700"
26-Aug-22,297.43,302,287.47,288.09,288.09,"57,163,900"
25-Aug-22,3:1Â Stock Splits,,,,,
25-Aug-22,302.36,302.96,291.6,296.07,296.07,"53,230,000"
24-Aug-22,297.56,303.65,296.5,297.1,297.1,"57,259,800"
23-Aug-22,291.45,298.83,287.92,296.45,296.45,"63,984,900"
22-Aug-22,291.91,292.4,286.3,289.91,289.91,"55,843,200"
19-Aug-22,299,300.36,292.5,296.67,296.67,"61,395,300"
18-Aug-22,306,306.5,301.85,302.87,302.87,"47,500,500"
17-Aug-22,303.4,309.66,300.03,304,304,"68,766,000"
16-Aug-22,311.67,314.67,302.88,306.56,306.56,"88,136,400"
15-Aug-22,301.79,313.13,301.23,309.32,309.32,"89,359,200"
12-Aug-22,289.42,300.16,285.03,300.03,300.03,"79,657,200"
11-Aug-22,296.51,298.24,285.83,286.63,286.63,"70,155,000"
10-Aug-22,297.07,297.51,283.37,294.36,294.36,"94,918,800"
9-Aug-22,290.29,292.4,279.35,283.33,283.33,"86,244,600"
8-Aug-22,295,305.2,289.09,290.42,290.42,"98,994,000"
5-Aug-22,302.67,304.61,285.54,288.17,288.17,"113,172,900"
4-Aug-22,311,313.61,305,308.63,308.63,"72,256,200"
3-Aug-22,305,309.55,301.15,307.4,307.4,"80,091,000"
2-Aug-22,294,307.83,292.67,300.59,300.59,"95,577,600"
1-Aug-22,301.28,311.88,295,297.28,297.28,"117,042,900"
29-Jul-22,280.7,298.32,279.1,297.15,297.15,"95,313,000"
28-Jul-22,280.07,283.3,272.8,280.9,280.9,"84,723,000"
27-Jul-22,263.81,275.93,261.79,274.82,274.82,"88,110,000"
26-Jul-22,266.51,267.31,256.26,258.86,258.86,"66,820,800"
25-Jul-22,272.22,274.15,267.4,268.43,268.43,"64,073,400"
22-Jul-22,276.22,280.79,270.71,272.24,272.24,"103,472,700"
21-Jul-22,255.11,273.27,254.87,271.71,271.71,"142,032,300"
20-Jul-22,246.78,250.66,243.48,247.5,247.5,"88,864,200"
19-Jul-22,245,247.14,236.98,245.53,245.53,"80,890,200"
18-Jul-22,244.94,250.52,239.6,240.55,240.55,"82,537,500"
15-Jul-22,240,243.62,236.89,240.07,240.07,"69,683,100"
14-Jul-22,234.9,238.65,229.33,238.31,238.31,"78,557,400"
13-Jul-22,225.5,242.06,225.03,237.04,237.04,"97,954,500"
12-Jul-22,236.85,239.77,228.37,233.07,233.07,"87,930,900"
11-Jul-22,252.1,253.06,233.63,234.34,234.34,"99,241,200"
8-Jul-22,242.33,254.98,241.16,250.76,250.76,"101,854,200"
7-Jul-22,233.92,245.36,232.21,244.54,244.54,"81,930,600"
6-Jul-22,230.78,234.56,227.19,231.73,231.73,"71,853,600"
5-Jul-22,223,233.15,216.17,233.07,233.07,"84,581,100"
1-Jul-22,227,230.23,222.12,227.26,227.26,"74,460,300"
30-Jun-22,224.51,229.46,218.86,224.47,224.47,"94,600,500"
29-Jun-22,230.5,231.17,222.27,228.49,228.49,"82,897,200"
28-Jun-22,244.48,249.97,232.34,232.66,232.66,"90,391,200"
27-Jun-22,249.37,252.07,242.57,244.92,244.92,"89,178,300"
24-Jun-22,237.47,246.07,236.09,245.71,245.71,"95,770,800"
23-Jun-22,237.91,239.32,228.64,235.07,235.07,"104,202,600"
22-Jun-22,234.5,246.83,233.83,236.09,236.09,"101,107,500"
21-Jun-22,224.6,243.58,224.33,237.04,237.04,"122,793,000"
17-Jun-22,213.43,220.97,213.2,216.76,216.76,"92,641,800"
16-Jun-22,222.74,225.17,208.69,213.1,213.1,"107,390,700"
15-Jun-22,220.92,235.66,218.15,233,233,"119,131,800"
14-Jun-22,218.29,226.33,211.74,220.89,220.89,"97,988,700"
13-Jun-22,223.17,226.63,214.68,215.74,215.74,"102,767,400"
10-Jun-22,235.16,239.5,227.91,232.23,232.23,"97,536,600"
9-Jun-22,249.34,255.55,239.33,239.71,239.71,"96,491,400"
8-Jun-22,240.09,249.96,239.18,241.87,241.87,"76,210,500"
7-Jun-22,234,240,230.09,238.89,238.89,"72,808,500"
6-Jun-22,244.35,244.87,234.35,238.28,238.28,"84,204,600"
3-Jun-22,243.23,247.8,233.42,234.52,234.52,"112,393,800"
2-Jun-22,244.16,264.21,242.07,258.33,258.33,"93,473,100"
1-Jun-22,251.72,257.33,243.64,246.79,246.79,"77,247,900"
31-May-22,257.95,259.6,244.74,252.75,252.75,"101,914,500"
27-May-22,241.08,253.27,240.18,253.21,253.21,"89,295,000"
26-May-22,220.47,239.56,217.89,235.91,235.91,"106,003,200"
25-May-22,207.95,223.11,207.67,219.6,219.6,"92,139,300"
24-May-22,217.84,217.97,206.86,209.39,209.39,"89,092,500"
23-May-22,218.34,226.65,212.69,224.97,224.97,"88,903,500"
20-May-22,238,240.53,211,221.3,221.3,"144,973,200"
19-May-22,235.67,244.67,231.37,236.47,236.47,"90,296,700"
18-May-22,248.17,253.5,233.6,236.6,236.6,"87,811,800"
17-May-22,249.12,254.83,242.95,253.87,253.87,"80,236,200"
16-May-22,255.72,256.59,239.7,241.46,241.46,"86,098,500"
13-May-22,257.83,262.45,250.52,256.53,256.53,"92,150,700"
12-May-22,233.67,253.22,226.67,242.67,242.67,"140,313,000"
11-May-22,265,269.92,242.4,244.67,244.67,"97,224,600"
10-May-22,273.1,275.12,258.08,266.68,266.68,"84,401,700"
9-May-22,278.82,281.88,260.38,262.37,262.37,"90,810,300"
6-May-22,295.67,296,281.04,288.55,288.55,"72,903,000"
5-May-22,313.01,315.2,285.9,291.09,291.09,"92,519,100"
4-May-22,301.31,318.5,295.09,317.54,317.54,"81,643,800"
3-May-22,301.06,308.03,296.2,303.08,303.08,"63,709,500"
2-May-22,286.92,302.12,282.68,300.98,300.98,"75,781,500"
29-Apr-22,300.75,311.47,290,290.25,290.25,"88,133,100"
28-Apr-22,299.99,300,273.9,292.5,292.5,"124,948,500"
27-Apr-22,299.53,306,292.45,293.84,293.84,"76,956,300"
26-Apr-22,331.81,333.33,291.67,292.14,292.14,"136,133,700"
25-Apr-22,326.32,336.21,325.1,332.67,332.67,"68,341,200"
22-Apr-22,338.3,344.95,331.33,335.02,335.02,"69,696,600"
21-Apr-22,358.24,364.07,332.14,336.26,336.26,"105,416,400"
20-Apr-22,343.33,344.67,325.08,325.73,325.73,"70,711,200"
19-Apr-22,335.02,344.98,331.78,342.72,342.72,"49,847,700"
18-Apr-22,329.68,338.31,324.47,334.76,334.76,"51,715,200"
14-Apr-22,333.1,337.57,327.4,328.33,328.33,"58,422,300"
13-Apr-22,327.03,342.08,324.37,340.79,340.79,"55,121,100"
12-Apr-22,332.55,340.4,325.53,328.98,328.98,"65,976,000"
11-Apr-22,326.8,336.16,324.88,325.31,325.31,"59,357,100"
8-Apr-22,347.74,349.48,340.81,341.83,341.83,"55,013,700"
7-Apr-22,350.8,358.86,340.51,352.42,352.42,"79,447,200"
6-Apr-22,357.82,359.67,342.57,348.59,348.59,"89,348,400"
5-Apr-22,378.77,384.29,362.43,363.75,363.75,"80,075,100"
4-Apr-22,363.13,383.3,357.51,381.82,381.82,"82,035,900"
1-Apr-22,360.38,364.92,355.55,361.53,361.53,"54,263,100"
31-Mar-22,364.86,367.71,358.88,359.2,359.2,"48,992,700"
30-Mar-22,363.72,371.32,361.33,364.66,364.66,"59,865,000"
29-Mar-22,369.33,371.59,357.7,366.52,366.52,"73,614,900"
28-Mar-22,355.03,365.96,351.2,363.95,363.95,"102,506,100"
25-Mar-22,336,340.6,332.44,336.88,336.88,"62,031,600"
24-Mar-22,336.58,341.5,329.6,337.97,337.97,"68,920,800"
23-Mar-22,326.65,346.9,325.47,333.04,333.04,"120,676,200"
22-Mar-22,310,332.62,307.25,331.33,331.33,"105,868,500"
21-Mar-22,304.99,314.28,302.36,307.05,307.05,"81,981,600"
18-Mar-22,291.5,302.62,289.13,301.8,301.8,"100,414,200"
17-Mar-22,277,291.67,275.24,290.53,290.53,"66,582,900"
16-Mar-22,269.67,280.67,267.42,280.08,280.08,"84,028,800"
15-Mar-22,258.42,268.52,252.19,267.3,267.3,"66,841,200"
14-Mar-22,260.2,266.9,252.01,255.46,255.46,"71,152,200"
11-Mar-22,280.07,281.27,264.59,265.12,265.12,"67,037,100"
10-Mar-22,283.82,284.82,270.12,279.43,279.43,"58,648,500"
9-Mar-22,279.83,286.85,277.34,286.32,286.32,"59,184,000"
8-Mar-22,265.18,283.33,260.72,274.8,274.8,"80,399,100"
7-Mar-22,285.43,288.71,268.19,268.19,268.19,"72,494,100"
4-Mar-22,283.03,285.22,275.05,279.43,279.43,"66,999,600"
3-Mar-22,292.92,295.48,277.53,279.76,279.76,"61,623,600"
2-Mar-22,290.71,295.49,281.42,293.3,293.3,"74,643,300"
1-Mar-22,289.89,296.63,284.59,288.12,288.12,"74,766,900"
28-Feb-22,271.67,292.29,271.57,290.14,290.14,"99,006,900"
25-Feb-22,269.74,273.17,260.8,269.96,269.96,"76,067,700"
24-Feb-22,233.46,267.49,233.33,266.92,266.92,"135,322,200"
23-Feb-22,276.81,278.43,253.52,254.68,254.68,"95,256,900"
22-Feb-22,278.04,285.58,267.03,273.84,273.84,"83,288,100"
18-Feb-22,295.33,295.62,279.2,285.66,285.66,"68,501,700"
17-Feb-22,304.42,306.17,291.37,292.12,292.12,"55,178,400"
16-Feb-22,304.68,308.81,300.4,307.8,307.8,"51,294,300"
15-Feb-22,300,307.67,297.79,307.48,307.48,"57,286,200"
14-Feb-22,287.19,299.63,284.38,291.92,291.92,"67,756,500"
11-Feb-22,303.21,305.32,283.57,286.67,286.67,"79,645,800"
10-Feb-22,302.79,314.6,298.9,301.52,301.52,"66,126,900"
9-Feb-22,311.67,315.42,306.67,310.67,310.67,"52,259,400"
8-Feb-22,301.84,308.76,298.27,307.33,307.33,"50,729,100"
7-Feb-22,307.93,315.92,300.9,302.45,302.45,"60,994,500"
4-Feb-22,299.07,312.17,293.72,307.77,307.77,"73,625,400"
3-Feb-22,294,312.33,293.51,297.05,297.05,"78,855,600"
2-Feb-22,309.39,310.5,296.47,301.89,301.89,"66,792,900"
1-Feb-22,311.74,314.57,301.67,310.42,310.42,"73,138,200"
31-Jan-22,290.9,312.66,287.35,312.24,312.24,"104,436,000"
28-Jan-22,277.19,285.83,264,282.12,282.12,"134,789,100"
27-Jan-22,311.12,311.8,276.33,276.37,276.37,"147,109,500"
26-Jan-22,317.48,329.23,302,312.47,312.47,"104,867,400"
25-Jan-22,304.73,317.09,301.07,306.13,306.13,"86,595,900"
24-Jan-22,301.59,311.17,283.82,310,310,"151,565,700"
21-Jan-22,332.11,334.85,313.5,314.63,314.63,"103,416,000"
20-Jan-22,336.58,347.22,331.33,332.09,332.09,"70,488,600"
19-Jan-22,347.24,351.56,331.67,331.88,331.88,"75,442,500"
18-Jan-22,342.2,356.93,338.69,343.5,343.5,"66,743,400"
14-Jan-22,339.96,350.67,337.79,349.87,349.87,"72,924,300"
13-Jan-22,369.69,371.87,342.18,343.85,343.85,"97,209,900"
12-Jan-22,359.62,371.61,357.53,368.74,368.74,"83,739,000"
11-Jan-22,351.22,358.62,346.27,354.8,354.8,"66,063,300"
10-Jan-22,333.33,353.03,326.67,352.71,352.71,"91,815,000"
7-Jan-22,360.12,360.31,336.67,342.32,342.32,"84,164,700"
6-Jan-22,359,362.67,340.17,354.9,354.9,"90,336,600"
5-Jan-22,382.22,390.11,360.34,362.71,362.71,"80,119,800"
4-Jan-22,396.52,402.67,374.35,383.2,383.2,"100,248,300"
3-Jan-22,382.58,400.36,378.68,399.93,399.93,"103,931,400"
31-Dec-21,357.81,360.67,351.53,352.26,352.26,"40,733,700"
30-Dec-21,353.78,365.18,351.05,356.78,356.78,"47,040,900"
29-Dec-21,366.21,368,354.71,362.06,362.06,"56,154,000"
28-Dec-21,369.83,373,359.47,362.82,362.82,"60,324,000"
27-Dec-21,357.89,372.33,356.91,364.65,364.65,"71,145,900"
23-Dec-21,335.6,357.66,332.52,355.67,355.67,"92,713,200"
22-Dec-21,321.89,338.55,319.02,336.29,336.29,"93,634,200"
21-Dec-21,305.62,313.17,295.37,312.84,312.84,"71,517,900"
20-Dec-21,303.57,307.23,297.8,299.98,299.98,"56,480,100"
17-Dec-21,304.92,320.22,303.01,310.86,310.86,"100,437,300"
16-Dec-21,331.5,331.66,307.28,308.97,308.97,"82,771,500"
15-Dec-21,317.74,326.25,309.42,325.33,325.33,"75,169,200"
14-Dec-21,315,322.14,310,319.5,319.5,"70,806,300"
13-Dec-21,333.7,335,317.14,322.14,322.14,"78,595,500"
10-Dec-21,336.25,340.33,327.51,339.01,339.01,"59,664,300"
9-Dec-21,353.55,354.16,334.12,334.6,334.6,"59,438,400"
8-Dec-21,350.9,357.46,344.33,356.32,356.32,"41,906,400"
7-Dec-21,348.07,352.56,342.27,350.58,350.58,"56,084,700"
6-Dec-21,333.84,340.55,316.83,336.34,336.34,"81,663,000"
3-Dec-21,361.6,363.53,333.4,338.32,338.32,"92,322,000"
2-Dec-21,366.35,371,352.22,361.53,361.53,"73,114,800"
1-Dec-21,386.9,390.95,363.59,365,365,"68,450,400"
30-Nov-21,381.46,389.33,372.67,381.59,381.59,"81,276,000"
29-Nov-21,367,380.89,366.73,379,379,"58,393,500"
26-Nov-21,366.49,369.59,360.33,360.64,360.64,"35,042,700"
24-Nov-21,360.13,377.59,354,372,372,"67,680,600"
23-Nov-21,389.17,393.5,354.23,369.68,369.68,"108,515,100"
22-Nov-21,387.44,400.65,377.48,385.62,385.62,"99,217,500"
19-Nov-21,366.29,379.57,364.23,379.02,379.02,"64,926,900"
18-Nov-21,368.85,370.67,358.34,365.46,365.46,"62,696,700"
17-Nov-21,354.5,373.21,351.83,363,363,"94,336,200"
16-Nov-21,334.44,352.4,334.06,351.58,351.58,"79,627,200"
15-Nov-21,339.21,343.99,326.2,337.8,337.8,"104,326,800"
12-Nov-21,349.17,351.5,339.73,344.47,344.47,"76,719,300"
11-Nov-21,367.59,368.32,351.56,354.5,354.5,"67,189,800"
10-Nov-21,336.8,359.37,329.1,355.98,355.98,"128,408,100"
9-Nov-21,391.2,391.5,337.17,341.17,341.17,"177,317,400"
8-Nov-21,383.26,399,377.67,387.65,387.65,"100,337,100"
5-Nov-21,409.33,413.29,402.67,407.36,407.36,"64,886,400"
4-Nov-21,411.47,414.5,405.67,409.97,409.97,"76,192,200"
3-Nov-21,392.44,405.13,384.21,404.62,404.62,"103,885,500"
2-Nov-21,386.45,402.86,382,390.67,390.67,"128,213,400"
1-Nov-21,381.67,403.25,372.89,402.86,402.86,"168,146,100"
29-Oct-21,360.62,371.74,357.74,371.33,371.33,"89,755,200"
28-Oct-21,356.1,360.33,351.4,359.01,359.01,"81,639,600"
27-Oct-21,346.55,356.96,343.59,345.95,345.95,"115,579,500"
26-Oct-21,341.56,364.98,333.81,339.48,339.48,"187,245,000"
25-Oct-21,316.84,348.34,314.73,341.62,341.62,"188,556,300"
22-Oct-21,298.5,303.33,296.99,303.23,303.23,"68,642,400"
21-Oct-21,285.33,300,285.17,298,298,"94,444,500"
20-Oct-21,288.45,289.83,285.79,288.6,288.6,"42,096,300"
19-Oct-21,292.51,292.65,287.5,288.09,288.09,"52,143,300"
18-Oct-21,283.93,291.75,283.82,290.04,290.04,"72,621,600"
15-Oct-21,274.58,281.07,274.12,281.01,281.01,"56,773,800"
14-Oct-21,271.83,273.42,271.12,272.77,272.77,"36,741,600"
13-Oct-21,270.16,271.8,268.59,270.36,270.36,"42,360,300"
12-Oct-21,266.98,270.77,265.52,268.57,268.57,"66,060,000"
11-Oct-21,262.55,267.08,261.83,263.98,263.98,"42,600,900"
8-Oct-21,265.4,265.46,260.3,261.83,261.83,"50,215,800"
7-Oct-21,261.82,268.33,261.13,264.54,264.54,"57,587,400"
6-Oct-21,258.73,262.22,257.74,260.92,260.92,"43,898,400"
5-Oct-21,261.6,265.77,258.07,260.2,260.2,"55,297,800"
4-Oct-21,265.5,268.99,258.71,260.51,260.51,"91,449,900"
1-Oct-21,259.47,260.26,254.53,258.41,258.41,"51,094,200"
30-Sep-21,260.33,263.04,258.33,258.49,258.49,"53,868,000"
29-Sep-21,259.93,264.5,256.89,260.44,260.44,"62,828,700"
28-Sep-21,262.4,265.21,255.39,259.19,259.19,"76,144,200"
27-Sep-21,257.71,266.33,256.44,263.79,263.79,"84,212,100"
24-Sep-21,248.63,258.27,248.19,258.13,258.13,"64,119,000"
23-Sep-21,251.67,252.73,249.31,251.21,251.21,"35,842,500"
22-Sep-21,247.84,251.22,246.37,250.65,250.65,"45,378,900"
21-Sep-21,244.93,248.25,243.48,246.46,246.46,"48,992,100"
20-Sep-21,244.85,247.33,239.54,243.39,243.39,"74,273,100"
17-Sep-21,252.38,253.68,250,253.16,253.16,"84,612,600"
16-Sep-21,250.94,252.97,249.2,252.33,252.33,"41,770,200"
15-Sep-21,248.33,252.29,246.12,251.94,251.94,"46,073,100"
14-Sep-21,247.52,251.49,245.47,248.16,248.16,"55,574,700"
13-Sep-21,246.74,248.26,236.28,247.67,247.67,"68,857,500"
10-Sep-21,253.2,254.2,244.84,245.42,245.42,"45,552,600"
9-Sep-21,251.14,254.03,250.54,251.62,251.62,"42,233,100"
8-Sep-21,253.86,254.82,246.92,251.29,251.29,"56,379,000"
7-Sep-21,246.67,253.4,246.42,250.97,250.97,"60,119,400"
3-Sep-21,244.08,244.67,241.4,244.52,244.52,"45,738,300"
2-Sep-21,244.83,246.99,243.51,244.13,244.13,"38,331,900"
1-Sep-21,244.69,247.33,243.76,244.7,244.7,"39,612,900"
31-Aug-21,244.33,246.8,242.15,245.24,245.24,"62,566,200"
30-Aug-21,238.24,243.67,237.58,243.64,243.64,"55,812,600"
27-Aug-21,235,238.33,234.03,237.31,237.31,"41,501,400"
26-Aug-21,236.1,238.47,232.54,233.72,233.72,"39,642,900"
25-Aug-21,235.68,238.99,234.67,237.07,237.07,"37,936,800"
24-Aug-21,236.89,238.41,234.21,236.16,236.16,"39,249,300"
23-Aug-21,228.48,237.38,226.92,235.43,235.43,"60,794,700"
20-Aug-21,227.62,230.71,224.57,226.75,226.75,"44,525,700"
19-Aug-21,226.07,228.85,222.53,224.49,224.49,"42,940,500"
18-Aug-21,223.25,231.92,223.12,229.66,229.66,"61,048,200"
17-Aug-21,224.22,224.86,216.28,221.9,221.9,"71,163,900"
16-Aug-21,235.02,236.5,225.47,228.72,228.72,"68,032,200"
13-Aug-21,241.24,243.3,238.11,239.06,239.06,"50,194,500"
12-Aug-21,235.45,240.93,233.13,240.75,240.75,"52,377,300"
11-Aug-21,237.57,238.39,234.74,235.94,235.94,"29,401,800"
10-Aug-21,238,238.86,233.96,236.66,236.66,"40,296,900"
9-Aug-21,236.72,239.68,235.04,237.92,237.92,"44,145,900"
6-Aug-21,237.3,238.78,232.54,233.03,233.03,"46,869,000"
5-Aug-21,238.67,240.32,237.14,238.21,238.21,"38,758,800"
4-Aug-21,237,241.63,236.31,236.97,236.97,"51,007,800"
3-Aug-21,239.67,240.88,233.67,236.58,236.58,"64,860,900"
2-Aug-21,233.33,242.31,232.8,236.56,236.56,"100,847,400"
30-Jul-21,223.92,232.51,223,229.07,229.07,"88,969,200"
29-Jul-21,216.6,227.9,216.27,225.78,225.78,"91,183,800"
28-Jul-21,215.67,218.32,213.13,215.66,215.66,"48,019,800"
27-Jul-21,221.13,222.17,209.08,214.93,214.93,"98,439,900"
26-Jul-21,216.99,222.73,215.7,219.21,219.21,"76,009,800"
23-Jul-21,215.45,216.27,212.43,214.46,214.46,"43,814,700"
22-Jul-21,218.81,220.72,214.87,216.42,216.42,"45,317,100"
21-Jul-21,219.87,221.62,216.76,218.43,218.43,"41,859,900"
20-Jul-21,217.33,220.8,213.5,220.17,220.17,"46,461,300"
19-Jul-21,209.96,215.73,207.1,215.41,215.41,"63,891,300"
16-Jul-21,218.23,218.9,214.07,214.74,214.74,"49,113,000"
15-Jul-21,219.46,222.05,212.63,216.87,216.87,"60,628,800"
14-Jul-21,223.58,226.2,217.61,217.79,217.79,"64,923,600"
13-Jul-21,228.77,231.09,222.1,222.85,222.85,"62,898,300"
12-Jul-21,220.73,229.08,220.72,228.57,228.57,"77,781,000"
9-Jul-21,217.73,219.64,214.9,218.98,218.98,"54,421,500"
8-Jul-21,209.46,218.14,206.82,217.6,217.6,"68,319,900"
7-Jul-21,221.42,221.9,212.77,214.88,214.88,"56,376,000"
6-Jul-21,227.24,228,217.13,219.86,219.86,"69,853,500"
2-Jul-21,226.33,233.33,224.42,226.3,226.3,"81,163,500"
1-Jul-21,227.97,229.33,224.27,225.97,225.97,"55,903,500"
30-Jun-21,226.59,230.94,226.05,226.57,226.57,"56,774,700"
29-Jun-21,228.22,229.17,225.3,226.92,226.92,"52,143,900"
28-Jun-21,223.88,231.57,223.44,229.57,229.57,"64,884,600"
25-Jun-21,229.86,231.27,222.9,223.96,223.96,"97,490,100"
24-Jun-21,225,232.54,222.54,226.61,226.61,"137,947,200"
23-Jun-21,210.67,219.07,210.01,218.86,218.86,"93,297,600"
22-Jun-21,206.08,209.52,205.17,207.9,207.9,"57,476,700"
21-Jun-21,208.16,210.46,202.96,206.94,206.94,"74,438,100"
18-Jun-21,204.46,209.45,203.93,207.77,207.77,"73,682,700"
17-Jun-21,200.63,207.16,200.45,205.53,205.53,"68,104,200"
16-Jun-21,199.18,202.83,197.83,201.62,201.62,"66,432,300"
15-Jun-21,205.56,205.6,199.41,199.79,199.79,"53,292,300"
14-Jun-21,204.08,208.5,203.06,205.9,205.9,"61,272,000"
11-Jun-21,203.41,204.19,200.51,203.3,203.3,"48,615,900"
10-Jun-21,201.29,205.53,200.17,203.37,203.37,"71,758,800"
9-Jun-21,200.72,203.93,199.21,199.59,199.59,"49,753,800"
8-Jun-21,207.67,207.7,198.5,201.2,201.2,"78,160,200"
7-Jun-21,197.28,203.33,194.29,201.71,201.71,"67,631,100"
4-Jun-21,193.24,200.2,192.4,199.68,199.68,"72,110,700"
3-Jun-21,200.6,201.52,190.41,190.95,190.95,"90,335,700"
2-Jun-21,206.71,207.79,199.71,201.71,201.71,"69,908,400"
1-Jun-21,209.27,211.27,206.85,207.97,207.97,"54,254,700"
28-May-21,209.5,211.86,207.46,208.41,208.41,"68,211,000"
27-May-21,206.75,210.38,205.4,210.28,210.28,"79,111,800"
26-May-21,202.52,208.72,200.5,206.38,206.38,"85,917,900"
25-May-21,202.44,204.66,198.57,201.56,201.56,"84,017,700"
24-May-21,193.87,204.83,191.22,202.15,202.15,"103,674,300"
21-May-21,198.7,198.89,193.33,193.63,193.63,"78,091,800"
20-May-21,191.67,196.28,190.36,195.59,195.59,"92,463,300"
19-May-21,184.18,188.74,182.33,187.82,187.82,"118,735,200"
18-May-21,189.33,198.75,187.79,192.62,192.62,"110,491,800"
17-May-21,191.85,196.58,187.07,192.28,192.28,"97,171,200"
14-May-21,194.47,197.62,190.15,196.58,196.58,"100,112,700"
13-May-21,200.51,202.15,186.55,190.56,190.56,"132,554,700"
12-May-21,200.83,206.8,195.59,196.63,196.63,"101,470,800"
11-May-21,199.75,209.03,198.53,205.73,205.73,"139,511,700"
10-May-21,221.63,221.68,209.2,209.68,209.68,"94,177,200"
7-May-21,221.93,230,220.07,224.12,224.12,"70,407,600"
6-May-21,226.92,227.01,216.67,221.18,221.18,"83,353,800"
5-May-21,227.02,228.43,222.45,223.65,223.65,"65,705,700"
4-May-21,226.31,227.82,219.23,224.53,224.53,"89,217,900"
3-May-21,234.6,235.33,226.83,228.3,228.3,"81,129,300"
30-Apr-21,222.53,238.49,222.05,236.48,236.48,"122,276,100"
29-Apr-21,233.17,234.08,222.83,225.67,225.67,"86,536,200"
28-Apr-21,232.14,236.17,231.2,231.47,231.47,"66,813,000"
27-Apr-21,239.32,241.33,234.45,234.91,234.91,"88,311,000"
26-Apr-21,247,249.77,244.2,246.07,246.07,"93,115,500"
23-Apr-21,239.93,245.79,238.49,243.13,243.13,"85,110,000"
22-Apr-21,247.17,251.26,239.35,239.9,239.9,"106,770,900"
21-Apr-21,234.92,248.28,232.67,248.04,248.04,"93,646,500"
20-Apr-21,239.14,245.75,236.9,239.66,239.66,"106,827,000"
19-Apr-21,239.87,241.8,230.6,238.21,238.21,"119,058,600"
16-Apr-21,242.88,249.8,241.53,246.59,246.59,"83,938,500"
15-Apr-21,247.7,247.9,240.44,246.28,246.28,"83,546,700"
14-Apr-21,256.9,260.26,242.68,244.08,244.08,"147,052,200"
13-Apr-21,237.57,254.33,236.89,254.11,254.11,"133,958,400"
12-Apr-21,228.57,234.93,227.36,233.99,233.99,"87,407,100"
9-Apr-21,225.92,226.99,223.14,225.67,225.67,"64,311,300"
8-Apr-21,225.79,229.85,223.88,227.93,227.93,"71,772,900"
7-Apr-21,229,230.46,222.61,223.66,223.66,"78,928,200"
6-Apr-21,230.1,232.18,227.12,230.54,230.54,"84,815,400"
5-Apr-21,235.9,236.05,228.23,230.35,230.35,"125,528,400"
1-Apr-21,229.46,230.81,219.81,220.58,220.58,"105,895,200"
31-Mar-21,215.54,224,213.7,222.64,222.64,"100,011,900"
30-Mar-21,200.58,212.55,197,211.87,211.87,"118,297,200"
29-Mar-21,205.21,205.49,198.67,203.76,203.76,"85,911,000"
26-Mar-21,213.96,214.61,199.96,206.24,206.24,"101,558,400"
25-Mar-21,204.33,215.17,203.17,213.46,213.46,"117,674,700"
24-Mar-21,222.64,222.67,210.04,210.09,210.09,"101,385,600"
23-Mar-21,225.26,225.93,219.17,220.72,220.72,"91,475,700"
22-Mar-21,228.2,233.21,222.92,223.33,223.33,"118,536,600"
19-Mar-21,215.53,219.08,208.21,218.29,218.29,"128,682,000"
18-Mar-21,228.1,229.74,217.33,217.72,217.72,"99,674,400"
17-Mar-21,218.96,234.58,217,233.94,233.94,"121,117,500"
16-Mar-21,234.45,235.97,223.67,225.63,225.63,"96,587,100"
15-Mar-21,231.36,237.73,228.01,235.98,235.98,"88,006,800"
12-Mar-21,223.33,231.63,222.05,231.24,231.24,"100,751,400"
11-Mar-21,233.13,234.17,225.73,233.2,233.2,"108,761,700"
10-Mar-21,233.43,239.28,218.35,222.69,222.69,"181,817,100"
9-Mar-21,202.73,226.03,198.4,224.53,224.53,"202,569,900"
8-Mar-21,200.18,206.71,186.26,187.67,187.67,"155,361,000"
5-Mar-21,208.69,209.28,179.83,199.32,199.32,"268,189,500"
4-Mar-21,218.6,222.82,200,207.15,207.15,"197,758,500"
3-Mar-21,229.33,233.57,217.24,217.73,217.73,"90,624,000"
2-Mar-21,239.43,240.37,228.33,228.81,228.81,"71,196,600"
1-Mar-21,230.04,239.67,228.35,239.48,239.48,"81,408,600"
26-Feb-21,233.33,235.57,219.84,225.17,225.17,"123,267,600"
25-Feb-21,242.05,245.74,223.53,227.41,227.41,"117,071,700"
24-Feb-21,237.28,248.33,231.39,247.34,247.34,"110,301,000"
23-Feb-21,220.71,237.87,206.33,232.95,232.95,"199,820,700"
22-Feb-21,254.21,256.17,236.73,238.17,238.17,"111,809,100"
19-Feb-21,265,265.6,259.12,260.43,260.43,"56,874,900"
18-Feb-21,260.3,264.9,258.76,262.46,262.46,"53,871,300"
17-Feb-21,259.7,266.61,254,266.05,266.05,"77,989,500"
16-Feb-21,272.67,273.67,264.15,265.41,265.41,"59,406,900"
12-Feb-21,267.09,272.44,261.78,272.04,272.04,"71,304,900"
11-Feb-21,270.81,276.63,267.24,270.55,270.55,"64,868,400"
10-Feb-21,281.21,281.61,266.67,268.27,268.27,"108,648,300"
9-Feb-21,285.04,286.6,280.58,283.15,283.15,"45,473,100"
8-Feb-21,289.89,292.59,284.92,287.81,287.81,"60,485,100"
5-Feb-21,281.67,288.26,279.66,284.08,284.08,"55,699,800"
4-Feb-21,285,285.5,277.81,283.33,283.33,"47,438,100"
3-Feb-21,292.34,292.69,284.35,284.9,284.9,"55,030,500"
2-Feb-21,281.56,293.5,280.73,290.93,290.93,"73,038,600"
1-Feb-21,271.43,280.67,265.19,279.94,279.94,"76,174,200"
29-Jan-21,276.67,280.8,260.03,264.51,264.51,"104,972,400"
28-Jan-21,273.33,282.67,267,278.48,278.48,"79,134,000"
27-Jan-21,290.12,297.17,286.22,288.05,288.05,"82,002,000"
26-Jan-21,297.13,298.63,290.53,294.36,294.36,"69,394,800"
25-Jan-21,285,300.13,279.61,293.6,293.6,"123,520,200"
22-Jan-21,278.1,282.67,276.21,282.21,282.21,"60,199,500"
21-Jan-21,285,285.24,280.47,281.66,281.66,"61,563,300"
20-Jan-21,286.25,286.5,279.09,283.48,283.48,"76,997,700"
19-Jan-21,279.27,283.33,277.67,281.52,281.52,"76,101,000"
15-Jan-21,284,286.63,273.03,275.39,275.39,"116,332,800"
14-Jan-21,281.13,287.67,279.58,281.67,281.67,"93,798,900"
13-Jan-21,284.25,286.82,277.33,284.8,284.8,"99,937,500"
12-Jan-21,277,289.33,275.78,283.15,283.15,"138,812,100"
11-Jan-21,283.13,284.81,267.87,270.4,270.4,"177,904,800"
8-Jan-21,285.33,294.83,279.46,293.34,293.34,"225,166,500"
7-Jan-21,259.21,272.33,258.4,272.01,272.01,"154,496,700"
6-Jan-21,252.83,258,249.7,251.99,251.99,"134,100,000"
5-Jan-21,241.22,246.95,239.73,245.04,245.04,"96,735,600"
4-Jan-21,239.82,248.16,239.06,243.26,243.26,"145,914,600"
31-Dec-20,233.33,239.57,230.37,235.22,235.22,"148,949,700"
30-Dec-20,224,232.2,222.79,231.59,231.59,"128,538,000"
29-Dec-20,220.33,223.3,218.33,222,222,"68,732,400"
28-Dec-20,224.84,227.13,220.27,221.23,221.23,"96,835,800"
24-Dec-20,214.33,222.03,213.67,220.59,220.59,"68,596,800"
23-Dec-20,210.73,217.17,207.52,215.33,215.33,"99,519,000"
22-Dec-20,216,216.63,204.74,213.45,213.45,"155,148,000"
21-Dec-20,222.08,222.83,215.36,216.62,216.62,"174,135,900"
18-Dec-20,222.97,231.67,209.51,231.67,231.67,"666,378,600"
17-Dec-20,209.4,219.61,206.5,218.63,218.63,"168,810,300"
16-Dec-20,209.41,210.83,201.67,207.59,207.59,"126,287,400"
15-Dec-20,214.43,215.63,207.93,211.08,211.08,"135,214,500"
14-Dec-20,206.33,214.25,203.4,213.28,213.28,"156,121,800"
11-Dec-20,205,208,198.93,203.33,203.33,"139,425,000"
10-Dec-20,191.46,209.25,188.78,209.02,209.02,"201,249,600"
9-Dec-20,217.9,218.11,196,201.49,201.49,"213,873,600"
8-Dec-20,208.5,217.09,206.17,216.63,216.63,"192,795,000"
7-Dec-20,201.64,216.26,201.02,213.92,213.92,"168,929,100"
4-Dec-20,197,199.68,195.17,199.68,199.68,"88,203,900"
3-Dec-20,196.67,199.66,194.14,197.79,197.79,"127,656,000"
2-Dec-20,185.48,190.51,180.4,189.61,189.61,"143,327,100"
1-Dec-20,199.2,199.28,190.68,194.92,194.92,"120,310,500"
30-Nov-20,200.74,202.6,184.84,189.2,189.2,"189,009,300"
27-Nov-20,193.72,199.59,192.82,195.25,195.25,"112,683,300"
25-Nov-20,183.35,191.33,181.79,191.33,191.33,"146,790,600"
24-Nov-20,180.13,186.66,175.4,185.13,185.13,"160,945,500"
23-Nov-20,167.83,175.33,167.26,173.95,173.95,"150,780,900"
20-Nov-20,166,167.5,163.02,163.2,163.2,"98,735,700"
19-Nov-20,164,169.54,162.52,166.42,166.42,"187,425,900"
18-Nov-20,149.45,165.33,147.83,162.21,162.21,"234,132,000"
17-Nov-20,153.39,154,144.34,147.2,147.2,"183,564,900"
16-Nov-20,136.31,137.48,134.7,136.03,136.03,"80,515,800"
13-Nov-20,136.95,137.51,133.89,136.17,136.17,"59,313,300"
12-Nov-20,138.35,141,136.51,137.25,137.25,"59,565,300"
11-Nov-20,138.82,139.57,136.86,139.04,139.04,"52,073,100"
10-Nov-20,140.03,140.03,132.01,136.79,136.79,"90,852,600"
9-Nov-20,146.5,150.83,140.33,140.42,140.42,"104,499,000"
6-Nov-20,145.37,145.52,141.43,143.32,143.32,"65,118,000"
5-Nov-20,142.77,146.67,141.33,146.03,146.03,"85,243,500"
4-Nov-20,143.54,145.13,139.03,140.33,140.33,"96,429,300"
3-Nov-20,136.58,142.59,135.56,141.3,141.3,"103,055,100"
2-Nov-20,131.33,135.66,130.77,133.5,133.5,"87,063,300"
30-Oct-20,135.63,135.86,126.37,129.35,129.35,"127,533,900"
29-Oct-20,136.65,139.35,135.49,136.94,136.94,"67,965,900"
28-Oct-20,138.83,139.53,135.33,135.34,135.34,"76,354,200"
27-Oct-20,141.25,143.5,140.03,141.56,141.56,"68,059,500"
26-Oct-20,137.21,141.92,136.67,140.09,140.09,"84,717,600"
23-Oct-20,140.61,140.96,135.79,140.21,140.21,"101,151,000"
22-Oct-20,147.31,148.41,141.5,141.93,141.93,"119,979,600"
21-Oct-20,140.9,144.32,140.42,140.88,140.88,"97,111,500"
20-Oct-20,143.92,143.92,139.68,140.65,140.65,"94,968,900"
19-Oct-20,148.75,149,142.96,143.61,143.61,"108,863,400"
16-Oct-20,151.48,151.98,146.28,146.56,146.56,"98,327,700"
15-Oct-20,150.1,152.19,147.5,149.63,149.63,"107,017,200"
14-Oct-20,149.93,155.3,149.12,153.77,153.77,"143,639,100"
13-Oct-20,147.78,149.63,145.53,148.88,148.88,"103,391,100"
12-Oct-20,147.33,149.58,146.19,147.43,147.43,"116,373,300"
9-Oct-20,143.38,144.86,142.15,144.67,144.67,"86,777,100"
8-Oct-20,146.15,146.33,141.77,141.97,141.97,"121,263,300"
7-Oct-20,139.96,143.3,137.95,141.77,141.77,"129,383,100"
6-Oct-20,141.26,142.93,135.35,137.99,137.99,"147,438,900"
5-Oct-20,141.12,144.55,139.78,141.89,141.89,"134,168,400"
2-Oct-20,140.46,146.38,138.33,138.36,138.36,"214,290,000"
1-Oct-20,146.92,149.63,144.81,149.39,149.39,"152,224,500"
30-Sep-20,140.44,144.64,140.16,143,143,"144,436,800"
29-Sep-20,138.67,142.83,137.2,139.69,139.69,"150,657,900"
28-Sep-20,141.54,142.69,138.52,140.4,140.4,"149,158,800"
25-Sep-20,131.16,136.24,130.43,135.78,135.78,"201,625,500"
24-Sep-20,121.27,133.17,117.1,129.26,129.26,"289,683,300"
23-Sep-20,135.05,137.38,125.29,126.79,126.79,"285,222,600"
22-Sep-20,143.2,145.92,139.2,141.41,141.41,"238,742,400"
21-Sep-20,151.04,151.89,135.69,149.8,149.8,"328,430,400"
18-Sep-20,149.31,150.33,142.93,147.38,147.38,"259,220,400"
17-Sep-20,138.53,145.93,136,141.14,141.14,"230,337,600"
16-Sep-20,146.62,152.6,145.1,147.25,147.25,"216,837,900"
15-Sep-20,145.52,153.98,143.57,149.92,149.92,"291,894,600"
14-Sep-20,126.98,140,124.43,139.87,139.87,"249,061,800"
11-Sep-20,127.31,127.5,120.17,124.24,124.24,"182,152,500"
10-Sep-20,128.74,133,120.19,123.78,123.78,"254,791,800"
9-Sep-20,118.87,123,113.84,122.09,122.09,"238,397,400"
8-Sep-20,118.67,122.91,109.96,110.07,110.07,"346,397,100"
4-Sep-20,134.27,142.67,124.01,139.44,139.44,"330,965,700"
3-Sep-20,135.74,143.93,134,135.67,135.67,"262,788,300"
2-Sep-20,159.66,159.68,135.04,149.12,149.12,"288,528,300"
1-Sep-20,167.38,167.5,156.84,158.35,158.35,"269,523,300"
31-Aug-20,5:1Â Stock Splits,,,,,
31-Aug-20,148.2,166.71,146.7,166.11,166.11,"355,123,200"
28-Aug-20,153.01,154.57,145.77,147.56,147.56,"301,218,000"
27-Aug-20,145.36,153.04,142.83,149.25,149.25,"355,395,000"
26-Aug-20,137.33,144.4,136.91,143.54,143.54,"213,591,000"
25-Aug-20,131.66,135.2,131.2,134.89,134.89,"159,883,500"
24-Aug-20,141.75,141.93,128.5,134.28,134.28,"300,954,000"
21-Aug-20,136.32,139.7,135,136.67,136.67,"322,344,000"
20-Aug-20,124.05,134.8,123.8,133.46,133.46,"309,177,000"
19-Aug-20,124.33,127.4,122.75,125.24,125.24,"183,079,500"
18-Aug-20,126.6,128.26,123.01,125.81,125.81,"247,117,500"
17-Aug-20,111.8,123.06,111.52,122.38,122.38,"303,634,500"
14-Aug-20,111,111.25,108.44,110.05,110.05,"188,664,000"
13-Aug-20,107.4,110.08,104.48,108.07,108.07,"306,379,500"
12-Aug-20,98,105.67,95.67,103.65,103.65,"327,441,000"
11-Aug-20,93.07,94.67,91,91.63,91.63,"129,387,000"
10-Aug-20,96.53,97.17,92.39,94.57,94.57,"112,834,500"
7-Aug-20,99.97,99.98,94.33,96.85,96.85,"133,446,000"
6-Aug-20,99.39,101.15,98.48,99.31,99.31,"89,884,500"
5-Aug-20,99.53,99.99,97.89,99,99,"74,217,000"
4-Aug-20,99.67,101.83,97.47,99.13,99.13,"126,225,000"
3-Aug-20,96.61,100.65,96.29,99,99,"132,139,500"
31-Jul-20,101,101.14,94.73,95.38,95.38,"183,123,000"
30-Jul-20,99.2,100.88,98.07,99.17,99.17,"114,315,000"
29-Jul-20,100.07,102.32,99.13,99.94,99.94,"141,403,500"
28-Jul-20,100.27,104.31,98.29,98.43,98.43,"237,130,500"
27-Jul-20,95.67,103.2,94.2,102.64,102.64,"240,730,500"
24-Jul-20,94.4,97.67,91.1,94.47,94.47,"290,949,000"
23-Jul-20,111.93,112.6,98.72,100.87,100.87,"364,927,500"
22-Jul-20,106.6,108.43,104.13,106.16,106.16,"212,416,500"
21-Jul-20,109.33,111.67,103.87,104.56,104.56,"241,608,000"
20-Jul-20,101.27,110,99.2,109.53,109.53,"256,821,000"
17-Jul-20,100.9,102.5,99.33,100.06,100.06,"139,950,000"
16-Jul-20,98.48,102.11,97.73,100.04,100.04,"214,512,000"
15-Jul-20,102.87,103.33,97.13,103.07,103.07,"245,517,000"
14-Jul-20,103.73,106,95.4,101.12,101.12,"351,271,500"
13-Jul-20,110.6,119.67,98.07,99.8,99.8,"584,781,000"
10-Jul-20,93.07,103.26,91.73,102.98,102.98,"350,064,000"
9-Jul-20,93.13,93.9,90.09,92.95,92.95,"175,764,000"
8-Jul-20,93.67,94.48,87.42,91.06,91.06,"244,669,500"
7-Jul-20,93.67,95.3,89.11,92.66,92.66,"322,345,500"
6-Jul-20,85.11,91.85,84.4,91.44,91.44,"308,548,500"
2-Jul-20,81.43,81.87,79.04,80.58,80.58,"258,751,500"
1-Jul-20,72.2,75.69,72.03,74.64,74.64,"199,903,500"
30-Jun-20,67.1,72.51,66.92,71.99,71.99,"253,777,500"
29-Jun-20,64.6,67.33,63.23,67.29,67.29,"135,396,000"
26-Jun-20,66.32,66.33,63.66,63.98,63.98,"132,823,500"
25-Jun-20,63.62,65.73,62.48,65.73,65.73,"138,817,500"
24-Jun-20,66.27,66.73,63.54,64.06,64.06,"164,394,000"
23-Jun-20,66.59,67.47,66.27,66.79,66.79,"95,479,500"
22-Jun-20,66.66,67.26,66,66.29,66.29,"95,436,000"
19-Jun-20,67.52,67.73,66.09,66.73,66.73,"130,195,500"
18-Jun-20,66.87,67.95,66.3,66.93,66.93,"146,278,500"
17-Jun-20,65.85,67,65.5,66.12,66.12,"148,362,000"
16-Jun-20,67.46,67.53,64.16,65.48,65.48,"210,766,500"
15-Jun-20,61.19,66.59,60.57,66.06,66.06,"235,458,000"
12-Jun-20,65.33,65.87,60.84,62.35,62.35,"251,451,000"
11-Jun-20,66.01,67.93,64.8,64.86,64.86,"238,747,500"
10-Jun-20,66.13,68.5,65.5,68.34,68.34,"278,451,000"
9-Jun-20,62.67,63.63,61.6,62.71,62.71,"170,823,000"
8-Jun-20,61.27,63.33,60.61,63.33,63.33,"212,620,500"
5-Jun-20,58.52,59.1,57.75,59.04,59.04,"117,178,500"
4-Jun-20,59.33,59.72,57.23,57.63,57.63,"133,315,500"
3-Jun-20,59.21,59.86,58.67,58.86,58.86,"119,242,500"
2-Jun-20,59.65,60.58,58.07,58.77,58.77,"203,484,000"
1-Jun-20,57.2,59.93,56.94,59.87,59.87,"224,092,500"
29-May-20,53.92,55.67,53.61,55.67,55.67,"176,467,500"
28-May-20,54.23,54.98,53.45,53.72,53.72,"108,834,000"
27-May-20,54.72,55.18,52.33,54.68,54.68,"173,242,500"
26-May-20,55.63,55.64,54.38,54.59,54.59,"121,345,500"
22-May-20,54.81,55.45,54.13,54.46,54.46,"149,812,500"
21-May-20,54.4,55.5,53.07,55.17,55.17,"183,819,000"
20-May-20,54.7,55.07,54.12,54.37,54.37,"109,639,500"
19-May-20,54.34,54.8,53.74,53.87,53.87,"144,547,500"
18-May-20,55.19,55.65,53.59,54.24,54.24,"174,987,000"
15-May-20,52.69,53.67,52.44,53.28,53.28,"157,776,000"
14-May-20,52,53.56,50.93,53.56,53.56,"205,233,000"
13-May-20,54.72,55.07,50.89,52.73,52.73,"285,982,500"
12-May-20,55.13,56.22,53.87,53.96,53.96,"238,603,500"
11-May-20,52.7,54.93,52.33,54.09,54.09,"247,794,000"
8-May-20,52.92,54.93,52.47,54.63,54.63,"241,297,500"
7-May-20,51.81,53.09,51.49,52,52,"172,915,500"
6-May-20,51.77,52.65,50.74,52.17,52.17,"166,848,000"
5-May-20,52.65,53.26,50.81,51.21,51.21,"254,875,500"
4-May-20,46.73,50.8,46.53,50.75,50.75,"288,556,500"
1-May-20,50.33,51.52,45.54,46.75,46.75,"487,977,000"
30-Apr-20,57.01,57.99,50.9,52.13,52.13,"427,078,500"
29-Apr-20,52.68,53.55,52.21,53.37,53.37,"243,240,000"
28-Apr-20,53.04,53.67,50.45,51.27,51.27,"228,330,000"
27-Apr-20,49.17,53.3,49,53.25,53.25,"310,221,000"
24-Apr-20,47.39,48.72,46.55,48.34,48.34,"198,180,000"
23-Apr-20,48.51,48.93,46.88,47.04,47.04,"198,550,500"
22-Apr-20,46.93,48.93,45.91,48.81,48.81,"212,482,500"
21-Apr-20,48.67,50.22,44.92,45.78,45.78,"303,136,500"
20-Apr-20,48.85,51.04,47.48,49.76,49.76,"221,199,000"
17-Apr-20,51.49,51.66,49.84,50.26,50.26,"196,923,000"
16-Apr-20,47.8,50.63,47.11,49.68,49.68,"309,868,500"
15-Apr-20,49.47,50.21,47.33,48.66,48.66,"353,655,000"
14-Apr-20,46.6,49.46,46.16,47.33,47.33,"458,647,500"
13-Apr-20,39.34,43.47,38.7,43.4,43.4,"337,131,000"
9-Apr-20,37.47,38.35,37.14,38.2,38.2,"204,750,000"
